anno,settimana,luogo,tipo_valore,id_valore,orizzonte,valore
2024,13,01,quantile,0.01,1,4.701271982570805
2024,13,01,quantile,0.01,2,3.317472209150326
2024,13,01,quantile,0.01,3,1.985088782222222
2024,13,01,quantile,0.01,4,1.8677645803921568
2024,13,02,quantile,0.01,1,1.8857422189542483
2024,13,02,quantile,0.01,2,1.8310697725490197
2024,13,02,quantile,0.01,3,1.775090348888889
2024,13,02,quantile,0.01,4,1.7441879921568626
2024,13,03,quantile,0.01,1,1.906730040305011
2024,13,03,quantile,0.01,2,1.8458799163398694
2024,13,03,quantile,0.01,3,1.783575134074074
2024,13,03,quantile,0.01,4,1.749180985620915
2024,13,04,quantile,0.01,1,3.9387144734931003
2024,13,04,quantile,0.01,2,2.7793703180827882
2024,13,04,quantile,0.01,3,1.9388467029629628
2024,13,04,quantile,0.01,4,1.8405527660130718
2024,13,05,quantile,0.01,1,2.938294989106754
2024,13,05,quantile,0.01,2,2.0734201307189544
2024,13,05,quantile,0.01,3,1.8781804888888889
2024,13,05,quantile,0.01,4,1.8048528627450982
2024,13,06,quantile,0.01,1,2.728416775599128
2024,13,06,quantile,0.01,2,1.9887978039215686
2024,13,06,quantile,0.01,3,1.8654533111111111
2024,13,06,quantile,0.01,4,1.7973633725490197
2024,13,IT,quantile,0.01,1,3.567929629629629
2024,13,IT,quantile,0.01,2,2.517724444444444
2024,13,IT,quantile,0.01,3,1.9163620222222222
2024,13,IT,quantile,0.01,4,1.8273213333333334
2024,13,07,quantile,0.01,1,3.6448849745824248
2024,13,07,quantile,0.01,2,2.5720283050108925
2024,13,07,quantile,0.01,3,1.921028654074074
2024,13,07,quantile,0.01,4,1.830067479738562
2024,13,08,quantile,0.01,1,3.5189580464778496
2024,13,08,quantile,0.01,2,2.4831674422657946
2024,13,08,quantile,0.01,3,1.9133923474074073
2024,13,08,quantile,0.01,4,1.825573785620915
2024,13,09,quantile,0.01,1,4.428430305010893
2024,13,09,quantile,0.01,2,3.1249403398692808
2024,13,09,quantile,0.01,3,1.968543451111111
2024,13,09,quantile,0.01,4,1.8580282431372548
2024,13,10,quantile,0.01,1,3.546941808278867
2024,13,10,quantile,0.01,2,2.5029143006535945
2024,13,10,quantile,0.01,3,1.9150893044444444
2024,13,10,quantile,0.01,4,1.8265723843137256
2024,13,11,quantile,0.01,1,3.4629905228758164
2024,13,11,quantile,0.01,2,2.443673725490196
2024,13,11,quantile,0.01,3,1.909998433333333
2024,13,11,quantile,0.01,4,1.8235765882352941
2024,13,14,quantile,0.01,1,2.889323405954974
2024,13,14,quantile,0.01,2,2.0388631285403047
2024,13,14,quantile,0.01,3,1.875210814074074
2024,13,14,quantile,0.01,4,1.8031053150326797
2024,13,15,quantile,0.01,1,2.875331525054466
2024,13,15,quantile,0.01,2,2.028989699346405
2024,13,15,quantile,0.01,3,1.8743623355555554
2024,13,15,quantile,0.01,4,1.8026060156862744
2024,13,16,quantile,0.01,1,5.988525025417574
2024,13,16,quantile,0.01,2,4.225827694989107
2024,13,16,quantile,0.01,3,2.420992039506172
2024,13,16,quantile,0.01,4,1.913700120261438
2024,13,17,quantile,0.01,1,2.9872665722585325
2024,13,17,quantile,0.01,2,2.107977132897603
2024,13,17,quantile,0.01,3,1.8811501637037036
2024,13,17,quantile,0.01,4,1.8066004104575164
2024,13,18,quantile,0.01,1,3.476982403776325
2024,13,18,quantile,0.01,2,2.4535471546840952
2024,13,18,quantile,0.01,3,1.9108469118518516
2024,13,18,quantile,0.01,4,1.8240758875816994
2024,13,12,quantile,0.01,1,1.9529032472766885
2024,13,12,quantile,0.01,2,1.8784622326797384
2024,13,12,quantile,0.01,3,1.8022416614814813
2024,13,12,quantile,0.01,4,1.76016557124183
2024,13,13,quantile,0.01,1,1.934014208061002
2024,13,13,quantile,0.01,2,1.8651331032679739
2024,13,13,quantile,0.01,3,1.7946053548148149
2024,13,13,quantile,0.01,4,1.755671877124183
2024,13,19,quantile,0.01,1,5.603748300653594
2024,13,19,quantile,0.01,2,3.9543083921568623
2024,13,19,quantile,0.01,3,2.2654376444444435
2024,13,19,quantile,0.01,4,1.8999693882352942
2024,13,20,quantile,0.01,1,2.112774015976761
2024,13,20,quantile,0.01,2,1.92363317124183
2024,13,20,quantile,0.01,3,1.8281202562962964
2024,13,20,quantile,0.01,4,1.7753942013071895
2024,13,21,quantile,0.01,1,2.861339644153958
2024,13,21,quantile,0.01,2,2.019116270152505
2024,13,21,quantile,0.01,3,1.8735138570370369
2024,13,21,quantile,0.01,4,1.8021067163398694
2024,13,01,quantile,0.025,1,4.747323747276687
2024,13,01,quantile,0.025,2,3.391155032679738
2024,13,01,quantile,0.025,3,1.9991806222222221
2024,13,01,quantile,0.025,4,1.8843432156862745
2024,13,02,quantile,0.025,1,1.8875616748366013
2024,13,02,quantile,0.025,2,1.8339809019607842
2024,13,02,quantile,0.025,3,1.7788020388888888
2024,13,02,quantile,0.025,4,1.7485546862745098
2024,13,03,quantile,0.025,1,1.908755084422658
2024,13,03,quantile,0.025,2,1.8491199869281045
2024,13,03,quantile,0.025,3,1.787706224074074
2024,13,03,quantile,0.025,4,1.754041091503268
2024,13,04,quantile,0.025,1,3.97729653231663
2024,13,04,quantile,0.025,2,2.8411016122004353
2024,13,04,quantile,0.025,3,1.950652812962963
2024,13,04,quantile,0.025,4,1.8544423071895426
2024,13,05,quantile,0.025,1,2.96707734204793
2024,13,05,quantile,0.025,2,2.1194718954248364
2024,13,05,quantile,0.025,3,1.8869878888888887
2024,13,05,quantile,0.025,4,1.8152145098039216
2024,13,06,quantile,0.025,1,2.7551432461873633
2024,13,06,quantile,0.025,2,1.995212156862745
2024,13,06,quantile,0.025,3,1.873631611111111
2024,13,06,quantile,0.025,4,1.8069849019607844
2024,13,IT,quantile,0.025,1,3.602879629629629
2024,13,IT,quantile,0.025,2,2.573644444444444
2024,13,IT,quantile,0.025,3,1.9270567222222221
2024,13,IT,quantile,0.025,4,1.8399033333333334
2024,13,07,quantile,0.025,1,3.680588798111837
2024,13,07,quantile,0.025,2,2.629154422657952
2024,13,07,quantile,0.025,3,1.931954024074074
2024,13,07,quantile,0.025,4,1.8429208562091504
2024,13,08,quantile,0.025,1,3.553428340595497
2024,13,08,quantile,0.025,2,2.53831991285403
2024,13,08,quantile,0.025,3,1.9239402574074074
2024,13,08,quantile,0.025,4,1.837983091503268
2024,13,09,quantile,0.025,1,4.471809422657952
2024,13,09,quantile,0.025,2,3.194346928104575
2024,13,09,quantile,0.025,3,1.981817461111111
2024,13,09,quantile,0.025,4,1.8736447254901962
2024,13,10,quantile,0.025,1,3.581686220043573
2024,13,10,quantile,0.025,2,2.558505359477124
2024,13,10,quantile,0.025,3,1.9257210944444445
2024,13,10,quantile,0.025,4,1.8390803725490197
2024,13,11,quantile,0.025,1,3.496912581699346
2024,13,11,quantile,0.025,2,2.497949019607843
2024,13,11,quantile,0.025,3,1.9203785833333333
2024,13,11,quantile,0.025,4,1.8357885294117646
2024,13,14,quantile,0.025,1,2.9176260530137976
2024,13,14,quantile,0.025,2,2.0841473638344223
2024,13,14,quantile,0.025,3,1.8838714240740742
2024,13,14,quantile,0.025,4,1.8132942679738562
2024,13,15,quantile,0.025,1,2.9034971132897605
2024,13,15,quantile,0.025,2,2.074054640522876
2024,13,15,quantile,0.025,3,1.8829810055555556
2024,13,15,quantile,0.025,4,1.8127456274509803
2024,13,16,quantile,0.025,1,6.047186201888162
2024,13,16,quantile,0.025,2,4.319685577342048
2024,13,16,quantile,0.025,3,2.540660839506173
2024,13,16,quantile,0.025,4,1.9348181437908498
2024,13,17,quantile,0.025,1,3.016528631082062
2024,13,17,quantile,0.025,2,2.15479642701525
2024,13,17,quantile,0.025,3,1.8901043537037037
2024,13,17,quantile,0.025,4,1.8171347516339869
2024,13,18,quantile,0.025,1,3.511041521423384
2024,13,18,quantile,0.025,2,2.5080417429193895
2024,13,18,quantile,0.025,3,1.9212690018518517
2024,13,18,quantile,0.025,4,1.8363371699346405
2024,13,12,quantile,0.025,1,1.9553805855119826
2024,13,12,quantile,0.025,2,1.882425973856209
2024,13,12,quantile,0.025,3,1.8072954314814815
2024,13,12,quantile,0.025,4,1.766111183006536
2024,13,13,quantile,0.025,1,1.9363065168845315
2024,13,13,quantile,0.025,2,1.8688007973856209
2024,13,13,quantile,0.025,3,1.7992816648148149
2024,13,13,quantile,0.025,4,1.7611734183006535
2024,13,19,quantile,0.025,1,5.658640359477124
2024,13,19,quantile,0.025,2,4.042135686274509
2024,13,19,quantile,0.025,3,2.377417444444444
2024,13,19,quantile,0.025,4,1.9197305294117648
2024,13,20,quantile,0.025,1,2.133469898329702
2024,13,20,quantile,0.025,2,1.928600183006536
2024,13,20,quantile,0.025,3,1.8344531962962962
2024,13,20,quantile,0.025,4,1.7828447189542485
2024,13,21,quantile,0.025,1,2.8893681735657224
2024,13,21,quantile,0.025,2,2.063961917211329
2024,13,21,quantile,0.025,3,1.882090587037037
2024,13,21,quantile,0.025,4,1.8121969869281047
2024,13,01,quantile,0.05,1,4.824076688453157
2024,13,01,quantile,0.05,2,3.513959738562091
2024,13,01,quantile,0.05,3,2.151113481481481
2024,13,01,quantile,0.05,4,1.911974274509804
2024,13,02,quantile,0.05,1,1.8905941013071894
2024,13,02,quantile,0.05,2,1.8388327843137255
2024,13,02,quantile,0.05,3,1.7849881888888888
2024,13,02,quantile,0.05,4,1.7558325098039216
2024,13,03,quantile,0.05,1,1.9121301579520695
2024,13,03,quantile,0.05,2,1.8545201045751634
2024,13,03,quantile,0.05,3,1.794591374074074
2024,13,03,quantile,0.05,4,1.7621412679738562
2024,13,04,quantile,0.05,1,4.041599963689179
2024,13,04,quantile,0.05,2,2.9439871023965134
2024,13,04,quantile,0.05,3,1.9703296629629627
2024,13,04,quantile,0.05,4,1.87759154248366
2024,13,05,quantile,0.05,1,3.0150479302832243
2024,13,05,quantile,0.05,2,2.1962248366013073
2024,13,05,quantile,0.05,3,1.9016668888888888
2024,13,05,quantile,0.05,4,1.8324839215686275
2024,13,06,quantile,0.05,1,2.799687363834422
2024,13,06,quantile,0.05,2,2.0393516339869278
2024,13,06,quantile,0.05,3,1.8872621111111112
2024,13,06,quantile,0.05,4,1.8230207843137256
2024,13,IT,quantile,0.05,1,3.661129629629629
2024,13,IT,quantile,0.05,2,2.666844444444444
2024,13,IT,quantile,0.05,3,1.944881222222222
2024,13,IT,quantile,0.05,4,1.8608733333333334
2024,13,07,quantile,0.05,1,3.7400951706608563
2024,13,07,quantile,0.05,2,2.724364618736383
2024,13,07,quantile,0.05,3,1.950162974074074
2024,13,07,quantile,0.05,4,1.8643431503267975
2024,13,08,quantile,0.05,1,3.6108788307915756
2024,13,08,quantile,0.05,2,2.6302406971677557
2024,13,08,quantile,0.05,3,1.9415201074074073
2024,13,08,quantile,0.05,4,1.8586652679738562
2024,13,09,quantile,0.05,1,4.544107952069716
2024,13,09,quantile,0.05,2,3.3100245751633985
2024,13,09,quantile,0.05,3,2.0262720740740736
2024,13,09,quantile,0.05,4,1.8996721960784315
2024,13,10,quantile,0.05,1,3.639593572984749
2024,13,10,quantile,0.05,2,2.6511571241830065
2024,13,10,quantile,0.05,3,1.9434407444444444
2024,13,10,quantile,0.05,4,1.8599270196078432
2024,13,11,quantile,0.05,1,3.553449346405228
2024,13,11,quantile,0.05,2,2.5884078431372544
2024,13,11,quantile,0.05,3,1.9376788333333332
2024,13,11,quantile,0.05,4,1.8561417647058824
2024,13,14,quantile,0.05,1,2.96479713144517
2024,13,14,quantile,0.05,2,2.1596210893246184
2024,13,14,quantile,0.05,3,1.8983057740740739
2024,13,14,quantile,0.05,4,1.8302758562091503
2024,13,15,quantile,0.05,1,2.9504397603485835
2024,13,15,quantile,0.05,2,2.1491628758169936
2024,13,15,quantile,0.05,3,1.8973454555555556
2024,13,15,quantile,0.05,4,1.8296449803921568
2024,13,16,quantile,0.05,1,6.1449548293391425
2024,13,16,quantile,0.05,2,4.476115381263616
2024,13,16,quantile,0.05,3,2.7401088395061723
2024,13,16,quantile,0.05,4,1.9700148496732028
2024,13,17,quantile,0.05,1,3.0652987291212774
2024,13,17,quantile,0.05,2,2.2328285838779953
2024,13,17,quantile,0.05,3,1.9050280037037037
2024,13,17,quantile,0.05,4,1.8346919869281044
2024,13,18,quantile,0.05,1,3.5678067175018153
2024,13,18,quantile,0.05,2,2.59886605664488
2024,13,18,quantile,0.05,3,1.9386391518518518
2024,13,18,quantile,0.05,4,1.856772640522876
2024,13,12,quantile,0.05,1,1.9595094825708061
2024,13,12,quantile,0.05,2,1.8890322091503267
2024,13,12,quantile,0.05,3,1.8157183814814815
2024,13,12,quantile,0.05,4,1.7760205359477124
2024,13,13,quantile,0.05,1,1.940127031590414
2024,13,13,quantile,0.05,2,1.8749136209150326
2024,13,13,quantile,0.05,3,1.8070755148148145
2024,13,13,quantile,0.05,4,1.7703426535947713
2024,13,19,quantile,0.05,1,5.750127124183006
2024,13,19,quantile,0.05,2,4.188514509803921
2024,13,19,quantile,0.05,3,2.5640504444444434
2024,13,19,quantile,0.05,4,1.9526657647058825
2024,13,20,quantile,0.05,1,2.167963035584604
2024,13,20,quantile,0.05,2,1.9368785359477123
2024,13,20,quantile,0.05,3,1.8450080962962963
2024,13,20,quantile,0.05,4,1.795262248366013
2024,13,21,quantile,0.05,1,2.9360823892519967
2024,13,21,quantile,0.05,2,2.138704662309368
2024,13,21,quantile,0.05,3,1.8963851370370368
2024,13,21,quantile,0.05,4,1.8290141045751636
2024,13,01,quantile,0.1,1,4.977582570806099
2024,13,01,quantile,0.1,2,3.7595691503267967
2024,13,01,quantile,0.1,3,2.4642654814814815
2024,13,01,quantile,0.1,4,1.9672363921568627
2024,13,02,quantile,0.1,1,1.896658954248366
2024,13,02,quantile,0.1,2,1.8485365490196077
2024,13,02,quantile,0.1,3,1.7973604888888888
2024,13,02,quantile,0.1,4,1.770388156862745
2024,13,03,quantile,0.1,1,1.9188803050108931
2024,13,03,quantile,0.1,2,1.865320339869281
2024,13,03,quantile,0.1,3,1.808361674074074
2024,13,03,quantile,0.1,4,1.7783416209150327
2024,13,04,quantile,0.1,1,4.170206826434277
2024,13,04,quantile,0.1,2,3.1497580827886704
2024,13,04,quantile,0.1,3,2.0645557530864194
2024,13,04,quantile,0.1,4,1.9238900130718954
2024,13,05,quantile,0.1,1,3.1109891067538125
2024,13,05,quantile,0.1,2,2.3497307189542482
2024,13,05,quantile,0.1,3,1.9310248888888888
2024,13,05,quantile,0.1,4,1.8670227450980392
2024,13,06,quantile,0.1,1,2.88877559912854
2024,13,06,quantile,0.1,2,2.1818928104575157
2024,13,06,quantile,0.1,3,1.914523111111111
2024,13,06,quantile,0.1,4,1.855092549019608
2024,13,IT,quantile,0.1,1,3.777629629629629
2024,13,IT,quantile,0.1,2,2.853244444444444
2024,13,IT,quantile,0.1,3,1.980530222222222
2024,13,IT,quantile,0.1,4,1.9028133333333335
2024,13,07,quantile,0.1,1,3.8591079157588957
2024,13,07,quantile,0.1,2,2.9147850108932456
2024,13,07,quantile,0.1,3,1.986580874074074
2024,13,07,quantile,0.1,4,1.9071877385620915
2024,13,08,quantile,0.1,1,3.7257798111837324
2024,13,08,quantile,0.1,2,2.8140822657952063
2024,13,08,quantile,0.1,3,1.9766798074074075
2024,13,08,quantile,0.1,4,1.9000296209150327
2024,13,09,quantile,0.1,1,4.688705010893246
2024,13,09,quantile,0.1,2,3.5413798692810454
2024,13,09,quantile,0.1,3,2.3212500740740736
2024,13,09,quantile,0.1,4,1.951727137254902
2024,13,10,quantile,0.1,1,3.755408278867102
2024,13,10,quantile,0.1,2,2.836460653594771
2024,13,10,quantile,0.1,3,1.9788800444444443
2024,13,10,quantile,0.1,4,1.9016203137254903
2024,13,11,quantile,0.1,1,3.6665228758169928
2024,13,11,quantile,0.1,2,2.769325490196078
2024,13,11,quantile,0.1,3,1.9722793333333333
2024,13,11,quantile,0.1,4,1.8968482352941176
2024,13,14,quantile,0.1,1,3.0591392883079154
2024,13,14,quantile,0.1,2,2.3105685403050105
2024,13,14,quantile,0.1,3,1.9271744740740742
2024,13,14,quantile,0.1,4,1.8642390326797385
2024,13,15,quantile,0.1,1,3.044325054466231
2024,13,15,quantile,0.1,2,2.2993793464052286
2024,13,15,quantile,0.1,3,1.9260743555555555
2024,13,15,quantile,0.1,4,1.8634436862745098
2024,13,16,quantile,0.1,1,6.340492084241103
2024,13,16,quantile,0.1,2,4.7889749891067535
2024,13,16,quantile,0.1,3,3.1390048395061725
2024,13,16,quantile,0.1,4,2.269388409586057
2024,13,17,quantile,0.1,1,3.1628389251997087
2024,13,17,quantile,0.1,2,2.388892897603485
2024,13,17,quantile,0.1,3,1.9348753037037036
2024,13,17,quantile,0.1,4,1.86980645751634
2024,13,18,quantile,0.1,1,3.6813371096586778
2024,13,18,quantile,0.1,2,2.78051468409586
2024,13,18,quantile,0.1,3,1.9733794518518517
2024,13,18,quantile,0.1,4,1.8976435816993464
2024,13,12,quantile,0.1,1,1.967767276688453
2024,13,12,quantile,0.1,2,1.902244679738562
2024,13,12,quantile,0.1,3,1.8325642814814813
2024,13,12,quantile,0.1,4,1.7958392418300653
2024,13,13,quantile,0.1,1,1.9477680610021786
2024,13,13,quantile,0.1,2,1.8871392679738563
2024,13,13,quantile,0.1,3,1.8226632148148147
2024,13,13,quantile,0.1,4,1.7886811241830065
2024,13,19,quantile,0.1,1,5.933100653594771
2024,13,19,quantile,0.1,2,4.481272156862745
2024,13,19,quantile,0.1,3,2.937316444444444
2024,13,19,quantile,0.1,4,2.1235749019607844
2024,13,20,quantile,0.1,1,2.236949310094408
2024,13,20,quantile,0.1,2,1.9534352418300653
2024,13,20,quantile,0.1,3,1.8661178962962963
2024,13,20,quantile,0.1,4,1.8200973071895425
2024,13,21,quantile,0.1,1,3.029510820624546
2024,13,21,quantile,0.1,2,2.2881901525054467
2024,13,21,quantile,0.1,3,1.9249742370370369
2024,13,21,quantile,0.1,4,1.862648339869281
2024,13,01,quantile,0.15,1,5.13108845315904
2024,13,01,quantile,0.15,2,4.005178562091503
2024,13,01,quantile,0.15,3,2.7774174814814816
2024,13,01,quantile,0.15,4,2.1499900653594777
2024,13,02,quantile,0.15,1,1.9027238071895425
2024,13,02,quantile,0.15,2,1.8582403137254901
2024,13,02,quantile,0.15,3,1.8097327888888888
2024,13,02,quantile,0.15,4,1.7849438039215686
2024,13,03,quantile,0.15,1,1.9256304520697167
2024,13,03,quantile,0.15,2,1.8761205751633987
2024,13,03,quantile,0.15,3,1.822131974074074
2024,13,03,quantile,0.15,4,1.7945419738562092
2024,13,04,quantile,0.15,1,4.298813689179375
2024,13,04,quantile,0.15,2,3.3555290631808274
2024,13,04,quantile,0.15,3,2.3269137530864197
2024,13,04,quantile,0.15,4,1.9701884836601309
2024,13,05,quantile,0.15,1,3.2069302832244007
2024,13,05,quantile,0.15,2,2.5032366013071896
2024,13,05,quantile,0.15,3,1.9603828888888888
2024,13,05,quantile,0.15,4,1.901561568627451
2024,13,06,quantile,0.15,1,2.9778638344226573
2024,13,06,quantile,0.15,2,2.3244339869281045
2024,13,06,quantile,0.15,3,1.9417841111111112
2024,13,06,quantile,0.15,4,1.8871643137254903
2024,13,IT,quantile,0.15,1,3.894129629629629
2024,13,IT,quantile,0.15,2,3.039644444444444
2024,13,IT,quantile,0.15,3,2.1078614814814816
2024,13,IT,quantile,0.15,4,1.9447533333333333
2024,13,07,quantile,0.15,1,3.978120660856935
2024,13,07,quantile,0.15,2,3.1052054030501086
2024,13,07,quantile,0.15,3,2.153325160493827
2024,13,07,quantile,0.15,4,1.9500323267973858
2024,13,08,quantile,0.15,1,3.840680791575889
2024,13,08,quantile,0.15,2,2.9979238344226578
2024,13,08,quantile,0.15,3,2.0789300493827163
2024,13,08,quantile,0.15,4,1.9413939738562092
2024,13,09,quantile,0.15,1,4.833302069716775
2024,13,09,quantile,0.15,2,3.7727351633986927
2024,13,09,quantile,0.15,3,2.616228074074074
2024,13,09,quantile,0.15,4,2.025213856209151
2024,13,10,quantile,0.15,1,3.8712229847494553
2024,13,10,quantile,0.15,2,3.021764183006536
2024,13,10,quantile,0.15,3,2.0954622962962963
2024,13,10,quantile,0.15,4,1.9433136078431374
2024,13,11,quantile,0.15,1,3.779596405228758
2024,13,11,quantile,0.15,2,2.950243137254902
2024,13,11,quantile,0.15,3,2.0458655555555554
2024,13,11,quantile,0.15,4,1.937554705882353
2024,13,14,quantile,0.15,1,3.1534814451706605
2024,13,14,quantile,0.15,2,2.4615159912854025
2024,13,14,quantile,0.15,3,1.956043174074074
2024,13,14,quantile,0.15,4,1.8982022091503268
2024,13,15,quantile,0.15,1,3.138210348583878
2024,13,15,quantile,0.15,2,2.4495958169934644
2024,13,15,quantile,0.15,3,1.9548032555555555
2024,13,15,quantile,0.15,4,1.8972423921568629
2024,13,16,quantile,0.15,1,6.536029339143065
2024,13,16,quantile,0.15,2,5.1018345969498915
2024,13,16,quantile,0.15,3,3.537900839506173
2024,13,16,quantile,0.15,4,2.738677821350764
2024,13,17,quantile,0.15,1,3.2603791212781403
2024,13,17,quantile,0.15,2,2.544957211328976
2024,13,17,quantile,0.15,3,1.9647226037037038
2024,13,17,quantile,0.15,4,1.9049209281045751
2024,13,18,quantile,0.15,1,3.7948675018155407
2024,13,18,quantile,0.15,2,2.9621633115468406
2024,13,18,quantile,0.15,3,2.054131679012346
2024,13,18,quantile,0.15,4,1.938514522875817
2024,13,12,quantile,0.15,1,1.9760250708061002
2024,13,12,quantile,0.15,2,1.9154571503267974
2024,13,12,quantile,0.15,3,1.8494101814814814
2024,13,12,quantile,0.15,4,1.8156579477124184
2024,13,13,quantile,0.15,1,1.9554090904139434
2024,13,13,quantile,0.15,2,1.8993649150326797
2024,13,13,quantile,0.15,3,1.838250914814815
2024,13,13,quantile,0.15,4,1.807019594771242
2024,13,19,quantile,0.15,1,6.1160741830065355
2024,13,19,quantile,0.15,2,4.774029803921568
2024,13,19,quantile,0.15,3,3.310582444444444
2024,13,19,quantile,0.15,4,2.5627113725490207
2024,13,20,quantile,0.15,1,2.305935584604212
2024,13,20,quantile,0.15,2,1.9699919477124184
2024,13,20,quantile,0.15,3,1.8872276962962964
2024,13,20,quantile,0.15,4,1.8449323660130719
2024,13,21,quantile,0.15,1,3.122939251997095
2024,13,21,quantile,0.15,2,2.437675642701525
2024,13,21,quantile,0.15,3,1.9535633370370369
2024,13,21,quantile,0.15,4,1.896282575163399
2024,13,01,quantile,0.2,1,5.284594335511981
2024,13,01,quantile,0.2,2,4.250787973856209
2024,13,01,quantile,0.2,3,3.0905694814814817
2024,13,01,quantile,0.2,4,2.5184041830065365
2024,13,02,quantile,0.2,1,1.908788660130719
2024,13,02,quantile,0.2,2,1.8679440784313726
2024,13,02,quantile,0.2,3,1.8221050888888888
2024,13,02,quantile,0.2,4,1.799499450980392
2024,13,03,quantile,0.2,1,1.9323805991285403
2024,13,03,quantile,0.2,2,1.8869208104575164
2024,13,03,quantile,0.2,3,1.835902274074074
2024,13,03,quantile,0.2,4,1.8107423267973857
2024,13,04,quantile,0.2,1,4.427420551924473
2024,13,04,quantile,0.2,2,3.5613000435729845
2024,13,04,quantile,0.2,3,2.58927175308642
2024,13,04,quantile,0.2,4,2.1099130283224405
2024,13,05,quantile,0.2,1,3.302871459694989
2024,13,05,quantile,0.2,2,2.656742483660131
2024,13,05,quantile,0.2,3,1.989740888888889
2024,13,05,quantile,0.2,4,1.9361003921568627
2024,13,06,quantile,0.2,1,3.066952069716775
2024,13,06,quantile,0.2,2,2.4669751633986925
2024,13,06,quantile,0.2,3,1.9690451111111111
2024,13,06,quantile,0.2,4,1.9192360784313727
2024,13,IT,quantile,0.2,1,4.010629629629629
2024,13,IT,quantile,0.2,2,3.226044444444444
2024,13,IT,quantile,0.2,3,2.3455214814814815
2024,13,IT,quantile,0.2,4,1.9866933333333334
2024,13,07,quantile,0.2,1,4.097133405954974
2024,13,07,quantile,0.2,2,3.2956257952069716
2024,13,07,quantile,0.2,3,2.3961111604938274
2024,13,07,quantile,0.2,4,1.9928769150326797
2024,13,08,quantile,0.2,1,3.955581771968046
2024,13,08,quantile,0.2,2,3.1817654030501084
2024,13,08,quantile,0.2,3,2.313328049382716
2024,13,08,quantile,0.2,4,1.9827583267973856
2024,13,09,quantile,0.2,1,4.9778991285403045
2024,13,09,quantile,0.2,2,4.004090457516339
2024,13,09,quantile,0.2,3,2.911206074074074
2024,13,09,quantile,0.2,4,2.3722467973856216
2024,13,10,quantile,0.2,1,3.987037690631808
2024,13,10,quantile,0.2,2,3.2070677124183007
2024,13,10,quantile,0.2,3,2.3317242962962963
2024,13,10,quantile,0.2,4,1.9850069019607843
2024,13,11,quantile,0.2,1,3.8926699346405225
2024,13,11,quantile,0.2,2,3.1311607843137255
2024,13,11,quantile,0.2,3,2.2765355555555558
2024,13,11,quantile,0.2,4,1.9782611764705884
2024,13,14,quantile,0.2,1,3.2478236020334057
2024,13,14,quantile,0.2,2,2.612463442265795
2024,13,14,quantile,0.2,3,1.984911874074074
2024,13,14,quantile,0.2,4,1.932165385620915
2024,13,15,quantile,0.2,1,3.232095642701525
2024,13,15,quantile,0.2,2,2.5998122875816994
2024,13,15,quantile,0.2,3,1.9835321555555556
2024,13,15,quantile,0.2,4,1.9310410980392159
2024,13,16,quantile,0.2,1,6.7315665940450256
2024,13,16,quantile,0.2,2,5.414694204793029
2024,13,16,quantile,0.2,3,3.936796839506173
2024,13,16,quantile,0.2,4,3.2079672331154696
2024,13,17,quantile,0.2,1,3.3579193173565716
2024,13,17,quantile,0.2,2,2.7010215250544656
2024,13,17,quantile,0.2,3,1.9945699037037037
2024,13,17,quantile,0.2,4,1.9400353986928105
2024,13,18,quantile,0.2,1,3.9083978939724036
2024,13,18,quantile,0.2,2,3.143811938997821
2024,13,18,quantile,0.2,3,2.2857336790123455
2024,13,18,quantile,0.2,4,1.9793854640522877
2024,13,12,quantile,0.2,1,1.9842828649237472
2024,13,12,quantile,0.2,2,1.9286696209150327
2024,13,12,quantile,0.2,3,1.8662560814814815
2024,13,12,quantile,0.2,4,1.8354766535947713
2024,13,13,quantile,0.2,1,1.963050119825708
2024,13,13,quantile,0.2,2,1.9115905620915032
2024,13,13,quantile,0.2,3,1.8538386148148147
2024,13,13,quantile,0.2,4,1.825358065359477
2024,13,19,quantile,0.2,1,6.2990477124183
2024,13,19,quantile,0.2,2,5.066787450980392
2024,13,19,quantile,0.2,3,3.683848444444444
2024,13,19,quantile,0.2,4,3.0018478431372557
2024,13,20,quantile,0.2,1,2.374921859114016
2024,13,20,quantile,0.2,2,1.9865486535947712
2024,13,20,quantile,0.2,3,1.9083374962962965
2024,13,20,quantile,0.2,4,1.8697674248366014
2024,13,21,quantile,0.2,1,3.216367683369644
2024,13,21,quantile,0.2,2,2.587161132897603
2024,13,21,quantile,0.2,3,1.9821524370370371
2024,13,21,quantile,0.2,4,1.9299168104575164
2024,13,01,quantile,0.25,1,5.438100217864923
2024,13,01,quantile,0.25,2,4.496397385620915
2024,13,01,quantile,0.25,3,3.403721481481482
2024,13,01,quantile,0.25,4,2.8868183006535952
2024,13,02,quantile,0.25,1,1.9148535130718953
2024,13,02,quantile,0.25,2,1.8776478431372547
2024,13,02,quantile,0.25,3,1.8344773888888888
2024,13,02,quantile,0.25,4,1.8140550980392156
2024,13,03,quantile,0.25,1,1.939130746187364
2024,13,03,quantile,0.25,2,1.8977210457516338
2024,13,03,quantile,0.25,3,1.849672574074074
2024,13,03,quantile,0.25,4,1.8269426797385622
2024,13,04,quantile,0.25,1,4.556027414669571
2024,13,04,quantile,0.25,2,3.7670710239651415
2024,13,04,quantile,0.25,3,2.85162975308642
2024,13,04,quantile,0.25,4,2.418569498910676
2024,13,05,quantile,0.25,1,3.3988126361655775
2024,13,05,quantile,0.25,2,2.810248366013072
2024,13,05,quantile,0.25,3,2.127325925925926
2024,13,05,quantile,0.25,4,1.9706392156862746
2024,13,06,quantile,0.25,1,3.156040305010893
2024,13,06,quantile,0.25,2,2.609516339869281
2024,13,06,quantile,0.25,3,1.9963061111111111
2024,13,06,quantile,0.25,4,1.951307843137255
2024,13,IT,quantile,0.25,1,4.1271296296296285
2024,13,IT,quantile,0.25,2,3.412444444444444
2024,13,IT,quantile,0.25,3,2.5831814814814815
2024,13,IT,quantile,0.25,4,2.1908888888888893
2024,13,07,quantile,0.25,1,4.216146151053013
2024,13,07,quantile,0.25,2,3.486046187363834
2024,13,07,quantile,0.25,3,2.638897160493827
2024,13,07,quantile,0.25,4,2.238143355119826
2024,13,08,quantile,0.25,1,4.070482752360203
2024,13,08,quantile,0.25,2,3.3656069716775594
2024,13,08,quantile,0.25,3,2.5477260493827165
2024,13,08,quantile,0.25,4,2.1608178649237475
2024,13,09,quantile,0.25,1,5.122496187363834
2024,13,09,quantile,0.25,2,4.2354457516339865
2024,13,09,quantile,0.25,3,3.2061840740740744
2024,13,09,quantile,0.25,4,2.719279738562092
2024,13,10,quantile,0.25,1,4.1028523965141614
2024,13,10,quantile,0.25,2,3.392371241830065
2024,13,10,quantile,0.25,3,2.5679862962962963
2024,13,10,quantile,0.25,4,2.178001307189543
2024,13,11,quantile,0.25,1,4.005743464052287
2024,13,11,quantile,0.25,2,3.312078431372549
2024,13,11,quantile,0.25,3,2.5072055555555557
2024,13,11,quantile,0.25,4,2.1264509803921574
2024,13,14,quantile,0.25,1,3.342165758896151
2024,13,14,quantile,0.25,2,2.763410893246187
2024,13,14,quantile,0.25,3,2.0918704938271606
2024,13,14,quantile,0.25,4,1.9661285620915032
2024,13,15,quantile,0.25,1,3.325980936819172
2024,13,15,quantile,0.25,2,2.7500287581699348
2024,13,15,quantile,0.25,3,2.0817403703703707
2024,13,15,quantile,0.25,4,1.9648398039215687
2024,13,16,quantile,0.25,1,6.927103848946986
2024,13,16,quantile,0.25,2,5.727553812636166
2024,13,16,quantile,0.25,3,4.335692839506173
2024,13,16,quantile,0.25,4,3.6772566448801753
2024,13,17,quantile,0.25,1,3.4554595134350032
2024,13,17,quantile,0.25,2,2.857085838779956
2024,13,17,quantile,0.25,3,2.1627813580246915
2024,13,17,quantile,0.25,4,1.9751498692810459
2024,13,18,quantile,0.25,1,4.021928286129266
2024,13,18,quantile,0.25,2,3.3254605664488013
2024,13,18,quantile,0.25,3,2.5173356790123456
2024,13,18,quantile,0.25,4,2.135042701525055
2024,13,12,quantile,0.25,1,1.9925406590413943
2024,13,12,quantile,0.25,2,1.941882091503268
2024,13,12,quantile,0.25,3,1.8831019814814813
2024,13,12,quantile,0.25,4,1.8552953594771242
2024,13,13,quantile,0.25,1,1.9706911492374728
2024,13,13,quantile,0.25,2,1.9238162091503268
2024,13,13,quantile,0.25,3,1.869426314814815
2024,13,13,quantile,0.25,4,1.8436965359477124
2024,13,19,quantile,0.25,1,6.482021241830065
2024,13,19,quantile,0.25,2,5.359545098039216
2024,13,19,quantile,0.25,3,4.057114444444444
2024,13,19,quantile,0.25,4,3.4409843137254907
2024,13,20,quantile,0.25,1,2.44390813362382
2024,13,20,quantile,0.25,2,2.020702396514161
2024,13,20,quantile,0.25,3,1.9294472962962963
2024,13,20,quantile,0.25,4,1.8946024836601307
2024,13,21,quantile,0.25,1,3.309796114742193
2024,13,21,quantile,0.25,2,2.736646623093682
2024,13,21,quantile,0.25,3,2.07161024691358
2024,13,21,quantile,0.25,4,1.963551045751634
2024,13,01,quantile,0.3,1,5.591606100217864
2024,13,01,quantile,0.3,2,4.742006797385621
2024,13,01,quantile,0.3,3,3.716873481481482
2024,13,01,quantile,0.3,4,3.2552324183006536
2024,13,02,quantile,0.3,1,1.9209183660130718
2024,13,02,quantile,0.3,2,1.8873516078431374
2024,13,02,quantile,0.3,3,1.846849688888889
2024,13,02,quantile,0.3,4,1.8286107450980391
2024,13,03,quantile,0.3,1,1.9458808932461873
2024,13,03,quantile,0.3,2,1.9085212810457515
2024,13,03,quantile,0.3,3,1.863442874074074
2024,13,03,quantile,0.3,4,1.8431430326797384
2024,13,04,quantile,0.3,1,4.684634277414669
2024,13,04,quantile,0.3,2,3.972842004357298
2024,13,04,quantile,0.3,3,3.1139877530864197
2024,13,04,quantile,0.3,4,2.727225969498911
2024,13,05,quantile,0.3,1,3.4947538126361657
2024,13,05,quantile,0.3,2,2.963754248366013
2024,13,05,quantile,0.3,3,2.3230459259259257
2024,13,05,quantile,0.3,4,2.0345202614379088
2024,13,06,quantile,0.3,1,3.2451285403050103
2024,13,06,quantile,0.3,2,2.752057516339869
2024,13,06,quantile,0.3,3,2.157114074074074
2024,13,06,quantile,0.3,4,1.9833796078431374
2024,13,IT,quantile,0.3,1,4.243629629629629
2024,13,IT,quantile,0.3,2,3.598844444444444
2024,13,IT,quantile,0.3,3,2.8208414814814815
2024,13,IT,quantile,0.3,4,2.470488888888889
2024,13,07,quantile,0.3,1,4.335158896151053
2024,13,07,quantile,0.3,2,3.6764665795206968
2024,13,07,quantile,0.3,3,2.8816831604938273
2024,13,07,quantile,0.3,4,2.52377394335512
2024,13,08,quantile,0.3,1,4.18538373275236
2024,13,08,quantile,0.3,2,3.5494485403050104
2024,13,08,quantile,0.3,3,2.782124049382716
2024,13,08,quantile,0.3,4,2.436580217864924
2024,13,09,quantile,0.3,1,5.267093246187363
2024,13,09,quantile,0.3,2,4.466801045751634
2024,13,09,quantile,0.3,3,3.501162074074074
2024,13,09,quantile,0.3,4,3.0663126797385627
2024,13,10,quantile,0.3,1,4.218667102396514
2024,13,10,quantile,0.3,2,3.57767477124183
2024,13,10,quantile,0.3,3,2.8042482962962967
2024,13,10,quantile,0.3,4,2.4559566013071903
2024,13,11,quantile,0.3,1,4.118816993464052
2024,13,11,quantile,0.3,2,3.4929960784313723
2024,13,11,quantile,0.3,3,2.737875555555556
2024,13,11,quantile,0.3,4,2.397827450980393
2024,13,14,quantile,0.3,1,3.436507915758896
2024,13,14,quantile,0.3,2,2.9143583442265792
2024,13,14,quantile,0.3,3,2.284328493827161
2024,13,14,quantile,0.3,4,2.0006115904139437
2024,13,15,quantile,0.3,1,3.419866230936819
2024,13,15,quantile,0.3,2,2.9002452287581697
2024,13,15,quantile,0.3,3,2.273266370370371
2024,13,15,quantile,0.3,4,1.9986385098039217
2024,13,16,quantile,0.3,1,7.049056441539578
2024,13,16,quantile,0.3,2,6.040413420479303
2024,13,16,quantile,0.3,3,4.7345888395061735
2024,13,16,quantile,0.3,4,4.1465460566448815
2024,13,17,quantile,0.3,1,3.5529997095134345
2024,13,17,quantile,0.3,2,3.013150152505446
2024,13,17,quantile,0.3,3,2.3617633580246915
2024,13,17,quantile,0.3,4,2.068428932461874
2024,13,18,quantile,0.3,1,4.135458678286129
2024,13,18,quantile,0.3,2,3.507109193899782
2024,13,18,quantile,0.3,3,2.7489376790123456
2024,13,18,quantile,0.3,4,2.407515642701525
2024,13,12,quantile,0.3,1,2.005323021060276
2024,13,12,quantile,0.3,2,1.9550945620915032
2024,13,12,quantile,0.3,3,1.8999478814814814
2024,13,12,quantile,0.3,4,1.8751140653594771
2024,13,13,quantile,0.3,1,1.9783321786492374
2024,13,13,quantile,0.3,2,1.9360418562091504
2024,13,13,quantile,0.3,3,1.8850140148148147
2024,13,13,quantile,0.3,4,1.862035006535948
2024,13,19,quantile,0.3,1,6.66499477124183
2024,13,19,quantile,0.3,2,5.652302745098039
2024,13,19,quantile,0.3,3,4.430380444444444
2024,13,19,quantile,0.3,4,3.8801207843137258
2024,13,20,quantile,0.3,1,2.512894408133624
2024,13,20,quantile,0.3,2,2.131080435729847
2024,13,20,quantile,0.3,3,1.9505570962962964
2024,13,20,quantile,0.3,4,1.91943754248366
2024,13,21,quantile,0.3,1,3.4032245461147417
2024,13,21,quantile,0.3,2,2.88613211328976
2024,13,21,quantile,0.3,3,2.2622042469135804
2024,13,21,quantile,0.3,4,1.9971852810457518
2024,13,01,quantile,0.35,1,5.745111982570805
2024,13,01,quantile,0.35,2,4.987616209150326
2024,13,01,quantile,0.35,3,4.0300254814814815
2024,13,01,quantile,0.35,4,3.623646535947713
2024,13,02,quantile,0.35,1,1.9269832189542484
2024,13,02,quantile,0.35,2,1.8970553725490196
2024,13,02,quantile,0.35,3,1.8592219888888888
2024,13,02,quantile,0.35,4,1.8431663921568626
2024,13,03,quantile,0.35,1,1.952631040305011
2024,13,03,quantile,0.35,2,1.9193215163398691
2024,13,03,quantile,0.35,3,1.877213174074074
2024,13,03,quantile,0.35,4,1.8593433856209152
2024,13,04,quantile,0.35,1,4.813241140159767
2024,13,04,quantile,0.35,2,4.178612984749455
2024,13,04,quantile,0.35,3,3.3763457530864196
2024,13,04,quantile,0.35,4,3.0358824400871463
2024,13,05,quantile,0.35,1,3.590694989106754
2024,13,05,quantile,0.35,2,3.1172601307189542
2024,13,05,quantile,0.35,3,2.518765925925926
2024,13,05,quantile,0.35,4,2.2647790849673206
2024,13,06,quantile,0.35,1,3.334216775599128
2024,13,06,quantile,0.35,2,2.8945986928104572
2024,13,06,quantile,0.35,3,2.3388540740740744
2024,13,06,quantile,0.35,4,2.103009150326798
2024,13,IT,quantile,0.35,1,4.360129629629629
2024,13,IT,quantile,0.35,2,3.785244444444444
2024,13,IT,quantile,0.35,3,3.0585014814814815
2024,13,IT,quantile,0.35,4,2.7500888888888895
2024,13,07,quantile,0.35,1,4.454171641249092
2024,13,07,quantile,0.35,2,3.86688697167756
2024,13,07,quantile,0.35,3,3.1244691604938275
2024,13,07,quantile,0.35,4,2.809404531590414
2024,13,08,quantile,0.35,1,4.300284713144516
2024,13,08,quantile,0.35,2,3.7332901089324615
2024,13,08,quantile,0.35,3,3.0165220493827163
2024,13,08,quantile,0.35,4,2.7123425708061006
2024,13,09,quantile,0.35,1,5.411690305010892
2024,13,09,quantile,0.35,2,4.698156339869281
2024,13,09,quantile,0.35,3,3.7961400740740743
2024,13,09,quantile,0.35,4,3.4133456209150332
2024,13,10,quantile,0.35,1,4.334481808278867
2024,13,10,quantile,0.35,2,3.762978300653595
2024,13,10,quantile,0.35,3,3.0405102962962967
2024,13,10,quantile,0.35,4,2.7339118954248374
2024,13,11,quantile,0.35,1,4.231890522875816
2024,13,11,quantile,0.35,2,3.673913725490196
2024,13,11,quantile,0.35,3,2.968545555555556
2024,13,11,quantile,0.35,4,2.669203921568628
2024,13,14,quantile,0.35,1,3.5308500726216407
2024,13,14,quantile,0.35,2,3.0653057952069713
2024,13,14,quantile,0.35,3,2.4767864938271607
2024,13,14,quantile,0.35,4,2.227032766884532
2024,13,15,quantile,0.35,1,3.513751525054466
2024,13,15,quantile,0.35,2,3.050461699346405
2024,13,15,quantile,0.35,3,2.464792370370371
2024,13,15,quantile,0.35,4,2.216248104575164
2024,13,16,quantile,0.35,1,7.127271343500363
2024,13,16,quantile,0.35,2,6.35327302832244
2024,13,16,quantile,0.35,3,5.133484839506173
2024,13,16,quantile,0.35,4,4.615835468409587
2024,13,17,quantile,0.35,1,3.6505399055918657
2024,13,17,quantile,0.35,2,3.1692144662309363
2024,13,17,quantile,0.35,3,2.5607453580246915
2024,13,17,quantile,0.35,4,2.302525403050109
2024,13,18,quantile,0.35,1,4.248989070442992
2024,13,18,quantile,0.35,2,3.6887578213507624
2024,13,18,quantile,0.35,3,2.9805396790123457
2024,13,18,quantile,0.35,4,2.6799885838779955
2024,13,12,quantile,0.35,1,2.0603749818445896
2024,13,12,quantile,0.35,2,1.9683070326797385
2024,13,12,quantile,0.35,3,1.9167937814814815
2024,13,12,quantile,0.35,4,1.8949327712418302
2024,13,13,quantile,0.35,1,1.9859732080610022
2024,13,13,quantile,0.35,2,1.948267503267974
2024,13,13,quantile,0.35,3,1.9006017148148149
2024,13,13,quantile,0.35,4,1.880373477124183
2024,13,19,quantile,0.35,1,6.847968300653594
2024,13,19,quantile,0.35,2,5.945060392156862
2024,13,19,quantile,0.35,3,4.803646444444444
2024,13,19,quantile,0.35,4,4.319257254901961
2024,13,20,quantile,0.35,1,2.5818806826434275
2024,13,20,quantile,0.35,2,2.2414584749455337
2024,13,20,quantile,0.35,3,1.9716668962962962
2024,13,20,quantile,0.35,4,1.9442726013071896
2024,13,21,quantile,0.35,1,3.4966529774872908
2024,13,21,quantile,0.35,2,3.0356176034858384
2024,13,21,quantile,0.35,3,2.4527982469135803
2024,13,21,quantile,0.35,4,2.2054634422657955
2024,13,01,quantile,0.4,1,5.898617864923747
2024,13,01,quantile,0.4,2,5.233225620915032
2024,13,01,quantile,0.4,3,4.343177481481482
2024,13,01,quantile,0.4,4,3.9920606535947716
2024,13,02,quantile,0.4,1,1.9330480718954248
2024,13,02,quantile,0.4,2,1.906759137254902
2024,13,02,quantile,0.4,3,1.8715942888888888
2024,13,02,quantile,0.4,4,1.8577220392156861
2024,13,03,quantile,0.4,1,1.9593811873638345
2024,13,03,quantile,0.4,2,1.9301217516339868
2024,13,03,quantile,0.4,3,1.890983474074074
2024,13,03,quantile,0.4,4,1.8755437385620914
2024,13,04,quantile,0.4,1,4.941848002904865
2024,13,04,quantile,0.4,2,4.384383965141612
2024,13,04,quantile,0.4,3,3.63870375308642
2024,13,04,quantile,0.4,4,3.344538910675382
2024,13,05,quantile,0.4,1,3.686636165577342
2024,13,05,quantile,0.4,2,3.2707660130718956
2024,13,05,quantile,0.4,3,2.714485925925926
2024,13,05,quantile,0.4,4,2.495037908496733
2024,13,06,quantile,0.4,1,3.423305010893246
2024,13,06,quantile,0.4,2,3.0371398692810456
2024,13,06,quantile,0.4,3,2.5205940740740744
2024,13,06,quantile,0.4,4,2.31682091503268
2024,13,IT,quantile,0.4,1,4.476629629629629
2024,13,IT,quantile,0.4,2,3.9716444444444443
2024,13,IT,quantile,0.4,3,3.296161481481482
2024,13,IT,quantile,0.4,4,3.0296888888888898
2024,13,07,quantile,0.4,1,4.573184386347131
2024,13,07,quantile,0.4,2,4.057307363834423
2024,13,07,quantile,0.4,3,3.3672551604938277
2024,13,07,quantile,0.4,4,3.0950351198257087
2024,13,08,quantile,0.4,1,4.415185693536674
2024,13,08,quantile,0.4,2,3.9171316775599125
2024,13,08,quantile,0.4,3,3.2509200493827164
2024,13,08,quantile,0.4,4,2.9881049237472777
2024,13,09,quantile,0.4,1,5.556287363834422
2024,13,09,quantile,0.4,2,4.9295116339869285
2024,13,09,quantile,0.4,3,4.091118074074075
2024,13,09,quantile,0.4,4,3.7603785620915042
2024,13,10,quantile,0.4,1,4.45029651416122
2024,13,10,quantile,0.4,2,3.9482818300653597
2024,13,10,quantile,0.4,3,3.276772296296297
2024,13,10,quantile,0.4,4,3.0118671895424844
2024,13,11,quantile,0.4,1,4.344964052287581
2024,13,11,quantile,0.4,2,3.85483137254902
2024,13,11,quantile,0.4,3,3.199215555555556
2024,13,11,quantile,0.4,4,2.9405803921568636
2024,13,14,quantile,0.4,1,3.625192229484386
2024,13,14,quantile,0.4,2,3.216253246187364
2024,13,14,quantile,0.4,3,2.669244493827161
2024,13,14,quantile,0.4,4,2.4534539433551203
2024,13,15,quantile,0.4,1,3.607636819172113
2024,13,15,quantile,0.4,2,3.2006781699346405
2024,13,15,quantile,0.4,3,2.656318370370371
2024,13,15,quantile,0.4,4,2.4415728104575174
2024,13,16,quantile,0.4,1,7.205486245461147
2024,13,16,quantile,0.4,2,6.666132636165578
2024,13,16,quantile,0.4,3,5.532380839506174
2024,13,16,quantile,0.4,4,5.085124880174294
2024,13,17,quantile,0.4,1,3.748080101670297
2024,13,17,quantile,0.4,2,3.3252787799564265
2024,13,17,quantile,0.4,3,2.7597273580246915
2024,13,17,quantile,0.4,4,2.5366218736383446
2024,13,18,quantile,0.4,1,4.362519462599854
2024,13,18,quantile,0.4,2,3.870406448801743
2024,13,18,quantile,0.4,3,3.212141679012346
2024,13,18,quantile,0.4,4,2.9524615250544666
2024,13,12,quantile,0.4,1,2.1154269426289036
2024,13,12,quantile,0.4,2,1.981519503267974
2024,13,12,quantile,0.4,3,1.9336396814814816
2024,13,12,quantile,0.4,4,1.9147514771241831
2024,13,13,quantile,0.4,1,1.9936142374727668
2024,13,13,quantile,0.4,2,1.9604931503267973
2024,13,13,quantile,0.4,3,1.9161894148148149
2024,13,13,quantile,0.4,4,1.8987119477124184
2024,13,19,quantile,0.4,1,7.012376732026143
2024,13,19,quantile,0.4,2,6.237818039215687
2024,13,19,quantile,0.4,3,5.1769124444444445
2024,13,19,quantile,0.4,4,4.758393725490198
2024,13,20,quantile,0.4,1,2.6508669571532315
2024,13,20,quantile,0.4,2,2.35183651416122
2024,13,20,quantile,0.4,3,1.9927766962962963
2024,13,20,quantile,0.4,4,1.969107660130719
2024,13,21,quantile,0.4,1,3.59008140885984
2024,13,21,quantile,0.4,2,3.185103093681917
2024,13,21,quantile,0.4,3,2.6433922469135807
2024,13,21,quantile,0.4,4,2.4296916775599136
2024,13,01,quantile,0.45,1,6.052123747276688
2024,13,01,quantile,0.45,2,5.478835032679738
2024,13,01,quantile,0.45,3,4.656329481481483
2024,13,01,quantile,0.45,4,4.36047477124183
2024,13,02,quantile,0.45,1,1.9391129248366012
2024,13,02,quantile,0.45,2,1.9164629019607844
2024,13,02,quantile,0.45,3,1.8839665888888888
2024,13,02,quantile,0.45,4,1.8722776862745099
2024,13,03,quantile,0.45,1,1.9661313344226579
2024,13,03,quantile,0.45,2,1.9409219869281045
2024,13,03,quantile,0.45,3,1.904753774074074
2024,13,03,quantile,0.45,4,1.8917440915032682
2024,13,04,quantile,0.45,1,5.070454865649963
2024,13,04,quantile,0.45,2,4.590154945533769
2024,13,04,quantile,0.45,3,3.9010617530864202
2024,13,04,quantile,0.45,4,3.6531953812636173
2024,13,05,quantile,0.45,1,3.7825773420479303
2024,13,05,quantile,0.45,2,3.4242718954248366
2024,13,05,quantile,0.45,3,2.910205925925926
2024,13,05,quantile,0.45,4,2.7252967320261443
2024,13,06,quantile,0.45,1,3.5123932461873633
2024,13,06,quantile,0.45,2,3.1796810457516336
2024,13,06,quantile,0.45,3,2.7023340740740744
2024,13,06,quantile,0.45,4,2.5306326797385625
2024,13,IT,quantile,0.45,1,4.593129629629629
2024,13,IT,quantile,0.45,2,4.158044444444444
2024,13,IT,quantile,0.45,3,3.533821481481482
2024,13,IT,quantile,0.45,4,3.3092888888888896
2024,13,07,quantile,0.45,1,4.6921971314451705
2024,13,07,quantile,0.45,2,4.247727755991285
2024,13,07,quantile,0.45,3,3.6100411604938274
2024,13,07,quantile,0.45,4,3.3806657080610027
2024,13,08,quantile,0.45,1,4.53008667392883
2024,13,08,quantile,0.45,2,4.100973246187364
2024,13,08,quantile,0.45,3,3.4853180493827165
2024,13,08,quantile,0.45,4,3.2638672766884538
2024,13,09,quantile,0.45,1,5.700884422657952
2024,13,09,quantile,0.45,2,5.160866928104575
2024,13,09,quantile,0.45,3,4.386096074074074
2024,13,09,quantile,0.45,4,4.107411503267975
2024,13,10,quantile,0.45,1,4.566111220043573
2024,13,10,quantile,0.45,2,4.133585359477125
2024,13,10,quantile,0.45,3,3.513034296296297
2024,13,10,quantile,0.45,4,3.2898224836601315
2024,13,11,quantile,0.45,1,4.458037581699346
2024,13,11,quantile,0.45,2,4.035749019607843
2024,13,11,quantile,0.45,3,3.4298855555555563
2024,13,11,quantile,0.45,4,3.211956862745099
2024,13,14,quantile,0.45,1,3.719534386347131
2024,13,14,quantile,0.45,2,3.367200697167756
2024,13,14,quantile,0.45,3,2.8617024938271607
2024,13,14,quantile,0.45,4,2.6798751198257085
2024,13,15,quantile,0.45,1,3.7015221132897604
2024,13,15,quantile,0.45,2,3.350894640522876
2024,13,15,quantile,0.45,3,2.847844370370371
2024,13,15,quantile,0.45,4,2.66689751633987
2024,13,16,quantile,0.45,1,7.283701147421931
2024,13,16,quantile,0.45,2,6.978992244008715
2024,13,16,quantile,0.45,3,5.931276839506174
2024,13,16,quantile,0.45,4,5.554414291939
2024,13,17,quantile,0.45,1,3.8456202977487286
2024,13,17,quantile,0.45,2,3.4813430936819167
2024,13,17,quantile,0.45,3,2.9587093580246915
2024,13,17,quantile,0.45,4,2.77071834422658
2024,13,18,quantile,0.45,1,4.476049854756718
2024,13,18,quantile,0.45,2,4.052055076252723
2024,13,18,quantile,0.45,3,3.443743679012346
2024,13,18,quantile,0.45,4,3.224934466230937
2024,13,12,quantile,0.45,1,2.1704789034132173
2024,13,12,quantile,0.45,2,1.9947319738562093
2024,13,12,quantile,0.45,3,1.9504855814814814
2024,13,12,quantile,0.45,4,1.934570183006536
2024,13,13,quantile,0.45,1,2.008368445896877
2024,13,13,quantile,0.45,2,1.9727187973856208
2024,13,13,quantile,0.45,3,1.9317771148148148
2024,13,13,quantile,0.45,4,1.9170504183006536
2024,13,19,quantile,0.45,1,7.0855661437908495
2024,13,19,quantile,0.45,2,6.53057568627451
2024,13,19,quantile,0.45,3,5.550178444444445
2024,13,19,quantile,0.45,4,5.197530196078432
2024,13,20,quantile,0.45,1,2.7198532316630355
2024,13,20,quantile,0.45,2,2.4622145533769064
2024,13,20,quantile,0.45,3,2.092576641975309
2024,13,20,quantile,0.45,4,1.9939427189542485
2024,13,21,quantile,0.45,1,3.683509840232389
2024,13,21,quantile,0.45,2,3.334588583877996
2024,13,21,quantile,0.45,3,2.8339862469135806
2024,13,21,quantile,0.45,4,2.653919912854031
2024,13,01,quantile,0.5,1,6.2056296296296285
2024,13,01,quantile,0.5,2,5.724444444444444
2024,13,01,quantile,0.5,3,4.969481481481482
2024,13,01,quantile,0.5,4,4.728888888888889
2024,13,02,quantile,0.5,1,1.945177777777778
2024,13,02,quantile,0.5,2,1.9261666666666666
2024,13,02,quantile,0.5,3,1.8963388888888888
2024,13,02,quantile,0.5,4,1.8868333333333334
2024,13,03,quantile,0.5,1,1.9728814814814815
2024,13,03,quantile,0.5,2,1.9517222222222221
2024,13,03,quantile,0.5,3,1.918524074074074
2024,13,03,quantile,0.5,4,1.9079444444444444
2024,13,04,quantile,0.5,1,5.199061728395061
2024,13,04,quantile,0.5,2,4.795925925925926
2024,13,04,quantile,0.5,3,4.16341975308642
2024,13,04,quantile,0.5,4,3.9618518518518524
2024,13,05,quantile,0.5,1,3.8785185185185185
2024,13,05,quantile,0.5,2,3.577777777777778
2024,13,05,quantile,0.5,3,3.105925925925926
2024,13,05,quantile,0.5,4,2.955555555555556
2024,13,06,quantile,0.5,1,3.601481481481481
2024,13,06,quantile,0.5,2,3.322222222222222
2024,13,06,quantile,0.5,3,2.8840740740740745
2024,13,06,quantile,0.5,4,2.744444444444445
2024,13,IT,quantile,0.5,1,4.709629629629629
2024,13,IT,quantile,0.5,2,4.344444444444444
2024,13,IT,quantile,0.5,3,3.771481481481482
2024,13,IT,quantile,0.5,4,3.5888888888888895
2024,13,07,quantile,0.5,1,4.811209876543209
2024,13,07,quantile,0.5,2,4.438148148148148
2024,13,07,quantile,0.5,3,3.8528271604938276
2024,13,07,quantile,0.5,4,3.666296296296297
2024,13,08,quantile,0.5,1,4.644987654320987
2024,13,08,quantile,0.5,2,4.284814814814815
2024,13,08,quantile,0.5,3,3.7197160493827166
2024,13,08,quantile,0.5,4,3.5396296296296303
2024,13,09,quantile,0.5,1,5.845481481481481
2024,13,09,quantile,0.5,2,5.392222222222222
2024,13,09,quantile,0.5,3,4.681074074074075
2024,13,09,quantile,0.5,4,4.454444444444445
2024,13,10,quantile,0.5,1,4.681925925925926
2024,13,10,quantile,0.5,2,4.318888888888889
2024,13,10,quantile,0.5,3,3.749296296296297
2024,13,10,quantile,0.5,4,3.5677777777777786
2024,13,11,quantile,0.5,1,4.571111111111111
2024,13,11,quantile,0.5,2,4.216666666666667
2024,13,11,quantile,0.5,3,3.6605555555555562
2024,13,11,quantile,0.5,4,3.4833333333333343
2024,13,14,quantile,0.5,1,3.8138765432098762
2024,13,14,quantile,0.5,2,3.518148148148148
2024,13,14,quantile,0.5,3,3.054160493827161
2024,13,14,quantile,0.5,4,2.9062962962962966
2024,13,15,quantile,0.5,1,3.7954074074074073
2024,13,15,quantile,0.5,2,3.5011111111111113
2024,13,15,quantile,0.5,3,3.039370370370371
2024,13,15,quantile,0.5,4,2.892222222222223
2024,13,16,quantile,0.5,1,7.361916049382716
2024,13,16,quantile,0.5,2,7.116740740740741
2024,13,16,quantile,0.5,3,6.330172839506174
2024,13,16,quantile,0.5,4,6.023703703703705
2024,13,17,quantile,0.5,1,3.94316049382716
2024,13,17,quantile,0.5,2,3.637407407407407
2024,13,17,quantile,0.5,3,3.1576913580246915
2024,13,17,quantile,0.5,4,3.0048148148148153
2024,13,18,quantile,0.5,1,4.58958024691358
2024,13,18,quantile,0.5,2,4.2337037037037035
2024,13,18,quantile,0.5,3,3.675345679012346
2024,13,18,quantile,0.5,4,3.4974074074074077
2024,13,12,quantile,0.5,1,2.225530864197531
2024,13,12,quantile,0.5,2,2.052962962962963
2024,13,12,quantile,0.5,3,1.9673314814814815
2024,13,12,quantile,0.5,4,1.954388888888889
2024,13,13,quantile,0.5,1,2.0593086419753086
2024,13,13,quantile,0.5,2,1.9849444444444444
2024,13,13,quantile,0.5,3,1.9473648148148148
2024,13,13,quantile,0.5,4,1.9353888888888888
2024,13,19,quantile,0.5,1,7.1587555555555555
2024,13,19,quantile,0.5,2,6.823333333333333
2024,13,19,quantile,0.5,3,5.923444444444445
2024,13,19,quantile,0.5,4,5.636666666666668
2024,13,20,quantile,0.5,1,2.7888395061728395
2024,13,20,quantile,0.5,2,2.5725925925925925
2024,13,20,quantile,0.5,3,2.233308641975309
2024,13,20,quantile,0.5,4,2.1251851851851855
2024,13,21,quantile,0.5,1,3.776938271604938
2024,13,21,quantile,0.5,2,3.484074074074074
2024,13,21,quantile,0.5,3,3.0245802469135805
2024,13,21,quantile,0.5,4,2.878148148148149
2024,13,01,quantile,0.55,1,6.359135511982569
2024,13,01,quantile,0.55,2,5.97005385620915
2024,13,01,quantile,0.55,3,5.282633481481483
2024,13,01,quantile,0.55,4,5.097303006535948
2024,13,02,quantile,0.55,1,1.9512426307189543
2024,13,02,quantile,0.55,2,1.935870431372549
2024,13,02,quantile,0.55,3,1.9087111888888888
2024,13,02,quantile,0.55,4,1.9013889803921569
2024,13,03,quantile,0.55,1,1.979631628540305
2024,13,03,quantile,0.55,2,1.9625224575163398
2024,13,03,quantile,0.55,3,1.9322943740740741
2024,13,03,quantile,0.55,4,1.924144797385621
2024,13,04,quantile,0.55,1,5.327668591140159
2024,13,04,quantile,0.55,2,5.001696906318083
2024,13,04,quantile,0.55,3,4.42577775308642
2024,13,04,quantile,0.55,4,4.270508322440088
2024,13,05,quantile,0.55,1,3.9744596949891067
2024,13,05,quantile,0.55,2,3.7312836601307193
2024,13,05,quantile,0.55,3,3.3016459259259263
2024,13,05,quantile,0.55,4,3.185814379084968
2024,13,06,quantile,0.55,1,3.690569716775599
2024,13,06,quantile,0.55,2,3.4647633986928104
2024,13,06,quantile,0.55,3,3.0658140740740745
2024,13,06,quantile,0.55,4,2.9582562091503273
2024,13,IT,quantile,0.55,1,4.826129629629629
2024,13,IT,quantile,0.55,2,4.530844444444444
2024,13,IT,quantile,0.55,3,4.009141481481482
2024,13,IT,quantile,0.55,4,3.8684888888888898
2024,13,07,quantile,0.55,1,4.930222621641248
2024,13,07,quantile,0.55,2,4.628568540305011
2024,13,07,quantile,0.55,3,4.095613160493828
2024,13,07,quantile,0.55,4,3.9519268845315914
2024,13,08,quantile,0.55,1,4.759888634713144
2024,13,08,quantile,0.55,2,4.468656383442266
2024,13,08,quantile,0.55,3,3.9541140493827167
2024,13,08,quantile,0.55,4,3.815391982570807
2024,13,09,quantile,0.55,1,5.99007854030501
2024,13,09,quantile,0.55,2,5.62357751633987
2024,13,09,quantile,0.55,3,4.976052074074075
2024,13,09,quantile,0.55,4,4.801477385620916
2024,13,10,quantile,0.55,1,4.797740631808279
2024,13,10,quantile,0.55,2,4.504192418300654
2024,13,10,quantile,0.55,3,3.9855582962962974
2024,13,10,quantile,0.55,4,3.845733071895426
2024,13,11,quantile,0.55,1,4.684184640522876
2024,13,11,quantile,0.55,2,4.39758431372549
2024,13,11,quantile,0.55,3,3.8912255555555566
2024,13,11,quantile,0.55,4,3.75470980392157
2024,13,14,quantile,0.55,1,3.9082187000726214
2024,13,14,quantile,0.55,2,3.66909559912854
2024,13,14,quantile,0.55,3,3.246618493827161
2024,13,14,quantile,0.55,4,3.132717472766885
2024,13,15,quantile,0.55,1,3.8892927015250547
2024,13,15,quantile,0.55,2,3.6513275816993467
2024,13,15,quantile,0.55,3,3.2308963703703713
2024,13,15,quantile,0.55,4,3.1175469281045762
2024,13,16,quantile,0.55,1,7.4401309513435
2024,13,16,quantile,0.55,2,7.2418845838779955
2024,13,16,quantile,0.55,3,6.729068839506175
2024,13,16,quantile,0.55,4,6.492993115468412
2024,13,17,quantile,0.55,1,4.0407006899055915
2024,13,17,quantile,0.55,2,3.793471721132897
2024,13,17,quantile,0.55,3,3.356673358024692
2024,13,17,quantile,0.55,4,3.238911285403051
2024,13,18,quantile,0.55,1,4.7031106390704425
2024,13,18,quantile,0.55,2,4.4153523311546845
2024,13,18,quantile,0.55,3,3.906947679012346
2024,13,18,quantile,0.55,4,3.7698803485838788
2024,13,12,quantile,0.55,1,2.2805828249818445
2024,13,12,quantile,0.55,2,2.1410461002178653
2024,13,12,quantile,0.55,3,1.9841773814814816
2024,13,12,quantile,0.55,4,1.9742075947712419
2024,13,13,quantile,0.55,1,2.11024883805374
2024,13,13,quantile,0.55,2,1.997170091503268
2024,13,13,quantile,0.55,3,1.9629525148148148
2024,13,13,quantile,0.55,4,1.9537273594771243
2024,13,19,quantile,0.55,1,7.231944967320262
2024,13,19,quantile,0.55,2,7.046436392156863
2024,13,19,quantile,0.55,3,6.296710444444445
2024,13,19,quantile,0.55,4,6.075803137254903
2024,13,20,quantile,0.55,1,2.8578257806826435
2024,13,20,quantile,0.55,2,2.682970631808279
2024,13,20,quantile,0.55,3,2.3740406419753093
2024,13,20,quantile,0.55,4,2.290752244008715
2024,13,21,quantile,0.55,1,3.870366702977487
2024,13,21,quantile,0.55,2,3.633559564270153
2024,13,21,quantile,0.55,3,3.215174246913581
2024,13,21,quantile,0.55,4,3.102376383442267
2024,13,01,quantile,0.6,1,6.51264139433551
2024,13,01,quantile,0.6,2,6.215663267973856
2024,13,01,quantile,0.6,3,5.5957854814814825
2024,13,01,quantile,0.6,4,5.465717124183007
2024,13,02,quantile,0.6,1,1.9573074836601307
2024,13,02,quantile,0.6,2,1.9455741960784314
2024,13,02,quantile,0.6,3,1.9210834888888888
2024,13,02,quantile,0.6,4,1.9159446274509804
2024,13,03,quantile,0.6,1,1.9863817755991284
2024,13,03,quantile,0.6,2,1.9733226928104575
2024,13,03,quantile,0.6,3,1.9460646740740741
2024,13,03,quantile,0.6,4,1.9403451503267974
2024,13,04,quantile,0.6,1,5.456275453885257
2024,13,04,quantile,0.6,2,5.20746788671024
2024,13,04,quantile,0.6,3,4.68813575308642
2024,13,04,quantile,0.6,4,4.579164793028323
2024,13,05,quantile,0.6,1,4.070400871459695
2024,13,05,quantile,0.6,2,3.8847895424836603
2024,13,05,quantile,0.6,3,3.4973659259259264
2024,13,05,quantile,0.6,4,3.4160732026143794
2024,13,06,quantile,0.6,1,3.779657952069716
2024,13,06,quantile,0.6,2,3.6073045751633983
2024,13,06,quantile,0.6,3,3.2475540740740745
2024,13,06,quantile,0.6,4,3.1720679738562096
2024,13,IT,quantile,0.6,1,4.942629629629629
2024,13,IT,quantile,0.6,2,4.717244444444444
2024,13,IT,quantile,0.6,3,4.246801481481482
2024,13,IT,quantile,0.6,4,4.148088888888889
2024,13,07,quantile,0.6,1,5.049235366739288
2024,13,07,quantile,0.6,2,4.818988932461873
2024,13,07,quantile,0.6,3,4.338399160493828
2024,13,07,quantile,0.6,4,4.237557472766885
2024,13,08,quantile,0.6,1,4.874789615105301
2024,13,08,quantile,0.6,2,4.652497952069717
2024,13,08,quantile,0.6,3,4.188512049382717
2024,13,08,quantile,0.6,4,4.091154335511983
2024,13,09,quantile,0.6,1,6.134675599128539
2024,13,09,quantile,0.6,2,5.854932810457516
2024,13,09,quantile,0.6,3,5.2710300740740745
2024,13,09,quantile,0.6,4,5.148510326797386
2024,13,10,quantile,0.6,1,4.913555337690632
2024,13,10,quantile,0.6,2,4.689495947712419
2024,13,10,quantile,0.6,3,4.221820296296297
2024,13,10,quantile,0.6,4,4.123688366013073
2024,13,11,quantile,0.6,1,4.79725816993464
2024,13,11,quantile,0.6,2,4.578501960784314
2024,13,11,quantile,0.6,3,4.1218955555555565
2024,13,11,quantile,0.6,4,4.0260862745098045
2024,13,14,quantile,0.6,1,4.002560856935366
2024,13,14,quantile,0.6,2,3.820043050108932
2024,13,14,quantile,0.6,3,3.439076493827161
2024,13,14,quantile,0.6,4,3.359138649237473
2024,13,15,quantile,0.6,1,3.9831779956427016
2024,13,15,quantile,0.6,2,3.801544052287582
2024,13,15,quantile,0.6,3,3.4224223703703713
2024,13,15,quantile,0.6,4,3.342871633986929
2024,13,16,quantile,0.6,1,7.518345853304284
2024,13,16,quantile,0.6,2,7.367028427015251
2024,13,16,quantile,0.6,3,7.0511859358024696
2024,13,16,quantile,0.6,4,6.962282527233117
2024,13,17,quantile,0.6,1,4.138240885984023
2024,13,17,quantile,0.6,2,3.9495360348583874
2024,13,17,quantile,0.6,3,3.5556553580246915
2024,13,17,quantile,0.6,4,3.473007755991286
2024,13,18,quantile,0.6,1,4.816641031227306
2024,13,18,quantile,0.6,2,4.597000958605665
2024,13,18,quantile,0.6,3,4.138549679012346
2024,13,18,quantile,0.6,4,4.0423532897603485
2024,13,12,quantile,0.6,1,2.335634785766158
2024,13,12,quantile,0.6,2,2.229129237472767
2024,13,12,quantile,0.6,3,2.00682187654321
2024,13,12,quantile,0.6,4,1.9940263006535948
2024,13,13,quantile,0.6,1,2.161189034132171
2024,13,13,quantile,0.6,2,2.06263825708061
2024,13,13,quantile,0.6,3,1.9785402148148148
2024,13,13,quantile,0.6,4,1.9720658300653595
2024,13,19,quantile,0.6,1,7.305134379084967
2024,13,19,quantile,0.6,2,7.163539450980392
2024,13,19,quantile,0.6,3,6.669976444444445
2024,13,19,quantile,0.6,4,6.514939607843138
2024,13,20,quantile,0.6,1,2.9268120551924475
2024,13,20,quantile,0.6,2,2.7933486710239652
2024,13,20,quantile,0.6,3,2.514772641975309
2024,13,20,quantile,0.6,4,2.4563193028322443
2024,13,21,quantile,0.6,1,3.963795134350036
2024,13,21,quantile,0.6,2,3.783045054466231
2024,13,21,quantile,0.6,3,3.4057682469135804
2024,13,21,quantile,0.6,4,3.326604618736384
2024,13,01,quantile,0.65,1,6.666147276688452
2024,13,01,quantile,0.65,2,6.461272679738562
2024,13,01,quantile,0.65,3,5.908937481481483
2024,13,01,quantile,0.65,4,5.8341312418300655
2024,13,02,quantile,0.65,1,1.9633723366013072
2024,13,02,quantile,0.65,2,1.9552779607843138
2024,13,02,quantile,0.65,3,1.9334557888888888
2024,13,02,quantile,0.65,4,1.9305002745098039
2024,13,03,quantile,0.65,1,1.993131922657952
2024,13,03,quantile,0.65,2,1.9841229281045751
2024,13,03,quantile,0.65,3,1.9598349740740741
2024,13,03,quantile,0.65,4,1.956545503267974
2024,13,04,quantile,0.65,1,5.584882316630355
2024,13,04,quantile,0.65,2,5.413238867102397
2024,13,04,quantile,0.65,3,4.950493753086421
2024,13,04,quantile,0.65,4,4.8878212636165586
2024,13,05,quantile,0.65,1,4.166342047930283
2024,13,05,quantile,0.65,2,4.038295424836601
2024,13,05,quantile,0.65,3,3.6930859259259265
2024,13,05,quantile,0.65,4,3.6463320261437917
2024,13,06,quantile,0.65,1,3.868746187363834
2024,13,06,quantile,0.65,2,3.7498457516339867
2024,13,06,quantile,0.65,3,3.4292940740740745
2024,13,06,quantile,0.65,4,3.385879738562092
2024,13,IT,quantile,0.65,1,5.059129629629629
2024,13,IT,quantile,0.65,2,4.903644444444444
2024,13,IT,quantile,0.65,3,4.484461481481482
2024,13,IT,quantile,0.65,4,4.4276888888888895
2024,13,07,quantile,0.65,1,5.168248111837327
2024,13,07,quantile,0.65,2,5.009409324618736
2024,13,07,quantile,0.65,3,4.581185160493828
2024,13,07,quantile,0.65,4,4.5231880610021795
2024,13,08,quantile,0.65,1,4.989690595497458
2024,13,08,quantile,0.65,2,4.836339520697168
2024,13,08,quantile,0.65,3,4.4229100493827165
2024,13,08,quantile,0.65,4,4.36691668845316
2024,13,09,quantile,0.65,1,6.2792726579520695
2024,13,09,quantile,0.65,2,6.086288104575163
2024,13,09,quantile,0.65,3,5.566008074074075
2024,13,09,quantile,0.65,4,5.495543267973858
2024,13,10,quantile,0.65,1,5.0293700435729845
2024,13,10,quantile,0.65,2,4.874799477124183
2024,13,10,quantile,0.65,3,4.458082296296297
2024,13,10,quantile,0.65,4,4.40164366013072
2024,13,11,quantile,0.65,1,4.910331699346405
2024,13,11,quantile,0.65,2,4.759419607843138
2024,13,11,quantile,0.65,3,4.3525655555555565
2024,13,11,quantile,0.65,4,4.2974627450980405
2024,13,14,quantile,0.65,1,4.096903013798111
2024,13,14,quantile,0.65,2,3.9709905010893247
2024,13,14,quantile,0.65,3,3.631534493827161
2024,13,14,quantile,0.65,4,3.5855598257080614
2024,13,15,quantile,0.65,1,4.077063289760349
2024,13,15,quantile,0.65,2,3.9517605228758175
2024,13,15,quantile,0.65,3,3.6139483703703714
2024,13,15,quantile,0.65,4,3.5681963398692824
2024,13,16,quantile,0.65,1,7.5965607552650685
2024,13,16,quantile,0.65,2,7.492172270152506
2024,13,16,quantile,0.65,3,7.21074433580247
2024,13,16,quantile,0.65,4,7.172628775599129
2024,13,17,quantile,0.65,1,4.235781082062454
2024,13,17,quantile,0.65,2,4.105600348583877
2024,13,17,quantile,0.65,3,3.7546373580246915
2024,13,17,quantile,0.65,4,3.7071042265795215
2024,13,18,quantile,0.65,1,4.930171423384168
2024,13,18,quantile,0.65,2,4.778649586056645
2024,13,18,quantile,0.65,3,4.370151679012347
2024,13,18,quantile,0.65,4,4.31482623093682
2024,13,12,quantile,0.65,1,2.390686746550472
2024,13,12,quantile,0.65,2,2.317212374727669
2024,13,12,quantile,0.65,3,2.11912787654321
2024,13,12,quantile,0.65,4,2.092300043572985
2024,13,13,quantile,0.65,1,2.2121292302106026
2024,13,13,quantile,0.65,2,2.1441425708061
2024,13,13,quantile,0.65,3,1.9941279148148148
2024,13,13,quantile,0.65,4,1.9904043006535947
2024,13,19,quantile,0.65,1,7.378323790849673
2024,13,19,quantile,0.65,2,7.280642509803922
2024,13,19,quantile,0.65,3,7.017296977777778
2024,13,19,quantile,0.65,4,6.954076078431374
2024,13,20,quantile,0.65,1,2.9957983297022515
2024,13,20,quantile,0.65,2,2.9037267102396513
2024,13,20,quantile,0.65,3,2.655504641975309
2024,13,20,quantile,0.65,4,2.6218863616557737
2024,13,21,quantile,0.65,1,4.057223565722585
2024,13,21,quantile,0.65,2,3.93253054466231
2024,13,21,quantile,0.65,3,3.5963622469135808
2024,13,21,quantile,0.65,4,3.550832854030502
2024,13,01,quantile,0.7,1,6.819653159041393
2024,13,01,quantile,0.7,2,6.706882091503267
2024,13,01,quantile,0.7,3,6.222089481481483
2024,13,01,quantile,0.7,4,6.202545359477124
2024,13,02,quantile,0.7,1,1.9694371895424836
2024,13,02,quantile,0.7,2,1.964981725490196
2024,13,02,quantile,0.7,3,1.9458280888888888
2024,13,02,quantile,0.7,4,1.9450559215686274
2024,13,03,quantile,0.7,1,1.9998820697167756
2024,13,03,quantile,0.7,2,1.9949231633986928
2024,13,03,quantile,0.7,3,1.9736052740740742
2024,13,03,quantile,0.7,4,1.9727458562091504
2024,13,04,quantile,0.7,1,5.713489179375453
2024,13,04,quantile,0.7,2,5.619009847494553
2024,13,04,quantile,0.7,3,5.2128517530864205
2024,13,04,quantile,0.7,4,5.196477734204794
2024,13,05,quantile,0.7,1,4.262283224400871
2024,13,05,quantile,0.7,2,4.191801307189543
2024,13,05,quantile,0.7,3,3.888805925925926
2024,13,05,quantile,0.7,4,3.876590849673203
2024,13,06,quantile,0.7,1,3.9578344226579514
2024,13,06,quantile,0.7,2,3.8923869281045747
2024,13,06,quantile,0.7,3,3.6110340740740745
2024,13,06,quantile,0.7,4,3.5996915032679744
2024,13,IT,quantile,0.7,1,5.175629629629629
2024,13,IT,quantile,0.7,2,5.090044444444444
2024,13,IT,quantile,0.7,3,4.722121481481482
2024,13,IT,quantile,0.7,4,4.70728888888889
2024,13,07,quantile,0.7,1,5.287260856935366
2024,13,07,quantile,0.7,2,5.199829716775599
2024,13,07,quantile,0.7,3,4.823971160493827
2024,13,07,quantile,0.7,4,4.808818649237473
2024,13,08,quantile,0.7,1,5.104591575889614
2024,13,08,quantile,0.7,2,5.020181089324619
2024,13,08,quantile,0.7,3,4.657308049382717
2024,13,08,quantile,0.7,4,4.642679041394336
2024,13,09,quantile,0.7,1,6.423869716775599
2024,13,09,quantile,0.7,2,6.317643398692811
2024,13,09,quantile,0.7,3,5.8609860740740745
2024,13,09,quantile,0.7,4,5.8425762091503275
2024,13,10,quantile,0.7,1,5.145184749455337
2024,13,10,quantile,0.7,2,5.060103006535948
2024,13,10,quantile,0.7,3,4.694344296296297
2024,13,10,quantile,0.7,4,4.679598954248367
2024,13,11,quantile,0.7,1,5.023405228758169
2024,13,11,quantile,0.7,2,4.94033725490196
2024,13,11,quantile,0.7,3,4.583235555555556
2024,13,11,quantile,0.7,4,4.568839215686276
2024,13,14,quantile,0.7,1,4.1912451706608564
2024,13,14,quantile,0.7,2,4.121937952069716
2024,13,14,quantile,0.7,3,3.823992493827161
2024,13,14,quantile,0.7,4,3.8119810021786495
2024,13,15,quantile,0.7,1,4.170948583877996
2024,13,15,quantile,0.7,2,4.101976993464053
2024,13,15,quantile,0.7,3,3.8054743703703715
2024,13,15,quantile,0.7,4,3.793521045751635
2024,13,16,quantile,0.7,1,7.674775657225853
2024,13,16,quantile,0.7,2,7.61731611328976
2024,13,16,quantile,0.7,3,7.37030273580247
2024,13,16,quantile,0.7,4,7.360344540305012
2024,13,17,quantile,0.7,1,4.333321278140885
2024,13,17,quantile,0.7,2,4.261664662309368
2024,13,17,quantile,0.7,3,3.9536193580246914
2024,13,17,quantile,0.7,4,3.9412006971677562
2024,13,18,quantile,0.7,1,5.043701815541031
2024,13,18,quantile,0.7,2,4.960298213507625
2024,13,18,quantile,0.7,3,4.601753679012346
2024,13,18,quantile,0.7,4,4.58729917211329
2024,13,12,quantile,0.7,1,2.445738707334786
2024,13,12,quantile,0.7,2,2.4052955119825707
2024,13,12,quantile,0.7,3,2.2314338765432105
2024,13,12,quantile,0.7,4,2.2244247494553377
2024,13,13,quantile,0.7,1,2.263069426289034
2024,13,13,quantile,0.7,2,2.2256468845315904
2024,13,13,quantile,0.7,3,2.0647707654320993
2024,13,13,quantile,0.7,4,2.0582851416122008
2024,13,19,quantile,0.7,1,7.451513202614379
2024,13,19,quantile,0.7,2,7.397745568627451
2024,13,19,quantile,0.7,3,7.166603377777778
2024,13,19,quantile,0.7,4,7.157285019607843
2024,13,20,quantile,0.7,1,3.064784604212055
2024,13,20,quantile,0.7,2,3.0141047494553375
2024,13,20,quantile,0.7,3,2.796236641975309
2024,13,20,quantile,0.7,4,2.787453420479303
2024,13,21,quantile,0.7,1,4.150651997095134
2024,13,21,quantile,0.7,2,4.082016034858388
2024,13,21,quantile,0.7,3,3.7869562469135807
2024,13,21,quantile,0.7,4,3.7750610893246193
2024,13,01,quantile,0.75,1,6.973159041394334
2024,13,01,quantile,0.75,2,6.952491503267973
2024,13,01,quantile,0.75,3,6.535241481481483
2024,13,01,quantile,0.75,4,6.570959477124183
2024,13,02,quantile,0.75,1,1.9755020424836602
2024,13,02,quantile,0.75,2,1.9746854901960784
2024,13,02,quantile,0.75,3,1.9582003888888888
2024,13,02,quantile,0.75,4,1.9596115686274511
2024,13,03,quantile,0.75,1,2.044214778503994
2024,13,03,quantile,0.75,2,2.0381559912854033
2024,13,03,quantile,0.75,3,1.9873755740740742
2024,13,03,quantile,0.75,4,1.988946209150327
2024,13,04,quantile,0.75,1,5.842096042120551
2024,13,04,quantile,0.75,2,5.82478082788671
2024,13,04,quantile,0.75,3,5.47520975308642
2024,13,04,quantile,0.75,4,5.505134204793029
2024,13,05,quantile,0.75,1,4.3582244008714595
2024,13,05,quantile,0.75,2,4.345307189542484
2024,13,05,quantile,0.75,3,4.084525925925926
2024,13,05,quantile,0.75,4,4.106849673202615
2024,13,06,quantile,0.75,1,4.046922657952069
2024,13,06,quantile,0.75,2,4.0349281045751635
2024,13,06,quantile,0.75,3,3.7927740740740745
2024,13,06,quantile,0.75,4,3.8135032679738567
2024,13,IT,quantile,0.75,1,5.292129629629629
2024,13,IT,quantile,0.75,2,5.2764444444444445
2024,13,IT,quantile,0.75,3,4.959781481481482
2024,13,IT,quantile,0.75,4,4.98688888888889
2024,13,07,quantile,0.75,1,5.406273602033406
2024,13,07,quantile,0.75,2,5.390250108932462
2024,13,07,quantile,0.75,3,5.066757160493828
2024,13,07,quantile,0.75,4,5.094449237472768
2024,13,08,quantile,0.75,1,5.2194925562817716
2024,13,08,quantile,0.75,2,5.20402265795207
2024,13,08,quantile,0.75,3,4.891706049382717
2024,13,08,quantile,0.75,4,4.918441394335513
2024,13,09,quantile,0.75,1,6.568466775599128
2024,13,09,quantile,0.75,2,6.548998692810458
2024,13,09,quantile,0.75,3,6.155964074074075
2024,13,09,quantile,0.75,4,6.189609150326799
2024,13,10,quantile,0.75,1,5.26099945533769
2024,13,10,quantile,0.75,2,5.245406535947713
2024,13,10,quantile,0.75,3,4.930606296296298
2024,13,10,quantile,0.75,4,4.957554248366014
2024,13,11,quantile,0.75,1,5.136478758169934
2024,13,11,quantile,0.75,2,5.121254901960785
2024,13,11,quantile,0.75,3,4.813905555555557
2024,13,11,quantile,0.75,4,4.840215686274512
2024,13,14,quantile,0.75,1,4.285587327523602
2024,13,14,quantile,0.75,2,4.272885403050109
2024,13,14,quantile,0.75,3,4.016450493827161
2024,13,14,quantile,0.75,4,4.038402178649238
2024,13,15,quantile,0.75,1,4.264833877995643
2024,13,15,quantile,0.75,2,4.252193464052288
2024,13,15,quantile,0.75,3,3.9970003703703716
2024,13,15,quantile,0.75,4,4.018845751633988
2024,13,16,quantile,0.75,1,7.752990559186637
2024,13,16,quantile,0.75,2,7.742459956427015
2024,13,16,quantile,0.75,3,7.52986113580247
2024,13,16,quantile,0.75,4,7.548060305010894
2024,13,17,quantile,0.75,1,4.430861474219316
2024,13,17,quantile,0.75,2,4.417728976034858
2024,13,17,quantile,0.75,3,4.152601358024691
2024,13,17,quantile,0.75,4,4.175297167755992
2024,13,18,quantile,0.75,1,5.157232207697894
2024,13,18,quantile,0.75,2,5.141946840958606
2024,13,18,quantile,0.75,3,4.833355679012346
2024,13,18,quantile,0.75,4,4.859772113289761
2024,13,12,quantile,0.75,1,2.5007906681190994
2024,13,12,quantile,0.75,2,2.493378649237473
2024,13,12,quantile,0.75,3,2.3437398765432103
2024,13,12,quantile,0.75,4,2.3565494553376913
2024,13,13,quantile,0.75,1,2.3140096223674655
2024,13,13,quantile,0.75,2,2.3071511982570807
2024,13,13,quantile,0.75,3,2.1686887654320994
2024,13,13,quantile,0.75,4,2.180541612200436
2024,13,19,quantile,0.75,1,7.524702614379085
2024,13,19,quantile,0.75,2,7.514848627450981
2024,13,19,quantile,0.75,3,7.315909777777778
2024,13,19,quantile,0.75,4,7.332939607843138
2024,13,20,quantile,0.75,1,3.133770878721859
2024,13,20,quantile,0.75,2,3.124482788671024
2024,13,20,quantile,0.75,3,2.936968641975309
2024,13,20,quantile,0.75,4,2.9530204793028325
2024,13,21,quantile,0.75,1,4.244080428467683
2024,13,21,quantile,0.75,2,4.231501525054466
2024,13,21,quantile,0.75,3,3.977550246913581
2024,13,21,quantile,0.75,4,3.9992893246187373
2024,13,01,quantile,0.8,1,7.05066596949891
2024,13,01,quantile,0.8,2,7.079240366013072
2024,13,01,quantile,0.8,3,6.848393481481483
2024,13,01,quantile,0.8,4,6.939373594771242
2024,13,02,quantile,0.8,1,1.9815668954248367
2024,13,02,quantile,0.8,2,1.9843892549019608
2024,13,02,quantile,0.8,3,1.9705726888888888
2024,13,02,quantile,0.8,4,1.9741672156862746
2024,13,03,quantile,0.8,1,2.0892157588961506
2024,13,03,quantile,0.8,2,2.1101575599128544
2024,13,03,quantile,0.8,3,2.0076391604938273
2024,13,03,quantile,0.8,4,2.0343104139433557
2024,13,04,quantile,0.8,1,5.970702904865649
2024,13,04,quantile,0.8,2,6.030551808278867
2024,13,04,quantile,0.8,3,5.73756775308642
2024,13,04,quantile,0.8,4,5.813790675381265
2024,13,05,quantile,0.8,1,4.454165577342048
2024,13,05,quantile,0.8,2,4.498813071895425
2024,13,05,quantile,0.8,3,4.280245925925927
2024,13,05,quantile,0.8,4,4.337108496732027
2024,13,06,quantile,0.8,1,4.136010893246187
2024,13,06,quantile,0.8,2,4.177469281045751
2024,13,06,quantile,0.8,3,3.974514074074075
2024,13,06,quantile,0.8,4,4.02731503267974
2024,13,IT,quantile,0.8,1,5.408629629629629
2024,13,IT,quantile,0.8,2,5.462844444444444
2024,13,IT,quantile,0.8,3,5.197441481481483
2024,13,IT,quantile,0.8,4,5.26648888888889
2024,13,07,quantile,0.8,1,5.525286347131445
2024,13,07,quantile,0.8,2,5.580670501089324
2024,13,07,quantile,0.8,3,5.309543160493828
2024,13,07,quantile,0.8,4,5.380079825708062
2024,13,08,quantile,0.8,1,5.334393536673929
2024,13,08,quantile,0.8,2,5.387864226579521
2024,13,08,quantile,0.8,3,5.126104049382717
2024,13,08,quantile,0.8,4,5.19420374727669
2024,13,09,quantile,0.8,1,6.713063834422657
2024,13,09,quantile,0.8,2,6.780353986928105
2024,13,09,quantile,0.8,3,6.450942074074075
2024,13,09,quantile,0.8,4,6.5366420915032695
2024,13,10,quantile,0.8,1,5.376814161220044
2024,13,10,quantile,0.8,2,5.430710065359477
2024,13,10,quantile,0.8,3,5.166868296296298
2024,13,10,quantile,0.8,4,5.235509542483662
2024,13,11,quantile,0.8,1,5.249552287581699
2024,13,11,quantile,0.8,2,5.302172549019608
2024,13,11,quantile,0.8,3,5.044575555555557
2024,13,11,quantile,0.8,4,5.111592156862747
2024,13,14,quantile,0.8,1,4.379929484386347
2024,13,14,quantile,0.8,2,4.423832854030501
2024,13,14,quantile,0.8,3,4.2089084938271615
2024,13,14,quantile,0.8,4,4.264823355119827
2024,13,15,quantile,0.8,1,4.35871917211329
2024,13,15,quantile,0.8,2,4.402409934640524
2024,13,15,quantile,0.8,3,4.188526370370372
2024,13,15,quantile,0.8,4,4.244170457516342
2024,13,16,quantile,0.8,1,7.831205461147421
2024,13,16,quantile,0.8,2,7.867603799564271
2024,13,16,quantile,0.8,3,7.68941953580247
2024,13,16,quantile,0.8,4,7.735776069716777
2024,13,17,quantile,0.8,1,4.5284016702977485
2024,13,17,quantile,0.8,2,4.573793289760348
2024,13,17,quantile,0.8,3,4.351583358024692
2024,13,17,quantile,0.8,4,4.409393638344227
2024,13,18,quantile,0.8,1,5.2707625998547565
2024,13,18,quantile,0.8,2,5.323595468409586
2024,13,18,quantile,0.8,3,5.0649576790123465
2024,13,18,quantile,0.8,4,5.132245054466232
2024,13,12,quantile,0.8,1,2.5558426289034135
2024,13,12,quantile,0.8,2,2.5814617864923752
2024,13,12,quantile,0.8,3,2.4560458765432105
2024,13,12,quantile,0.8,4,2.488674161220044
2024,13,13,quantile,0.8,1,2.364949818445897
2024,13,13,quantile,0.8,2,2.388655511982571
2024,13,13,quantile,0.8,3,2.272606765432099
2024,13,13,quantile,0.8,4,2.3027980827886716
2024,13,19,quantile,0.8,1,7.597892026143791
2024,13,19,quantile,0.8,2,7.63195168627451
2024,13,19,quantile,0.8,3,7.465216177777778
2024,13,19,quantile,0.8,4,7.508594196078432
2024,13,20,quantile,0.8,1,3.202757153231663
2024,13,20,quantile,0.8,2,3.2348608278867106
2024,13,20,quantile,0.8,3,3.0777006419753095
2024,13,20,quantile,0.8,4,3.1185875381263624
2024,13,21,quantile,0.8,1,4.3375088598402325
2024,13,21,quantile,0.8,2,4.380987015250545
2024,13,21,quantile,0.8,3,4.168144246913581
2024,13,21,quantile,0.8,4,4.223517559912855
2024,13,01,quantile,0.85,1,7.112068322440087
2024,13,01,quantile,0.85,2,7.177484130718954
2024,13,01,quantile,0.85,3,7.064618192592593
2024,13,01,quantile,0.85,4,7.123115084967321
2024,13,02,quantile,0.85,1,1.987631748366013
2024,13,02,quantile,0.85,2,1.9940930196078432
2024,13,02,quantile,0.85,3,1.982944988888889
2024,13,02,quantile,0.85,4,1.9887228627450981
2024,13,03,quantile,0.85,1,2.134216739288308
2024,13,03,quantile,0.85,2,2.182159128540305
2024,13,03,quantile,0.85,3,2.0994411604938272
2024,13,03,quantile,0.85,4,2.142312766884532
2024,13,04,quantile,0.85,1,6.099309767610747
2024,13,04,quantile,0.85,2,6.236322788671024
2024,13,04,quantile,0.85,3,5.999925753086421
2024,13,04,quantile,0.85,4,6.122447145969499
2024,13,05,quantile,0.85,1,4.550106753812636
2024,13,05,quantile,0.85,2,4.652318954248367
2024,13,05,quantile,0.85,3,4.475965925925927
2024,13,05,quantile,0.85,4,4.567367320261439
2024,13,06,quantile,0.85,1,4.225099128540305
2024,13,06,quantile,0.85,2,4.320010457516339
2024,13,06,quantile,0.85,3,4.1562540740740745
2024,13,06,quantile,0.85,4,4.241126797385622
2024,13,IT,quantile,0.85,1,5.525129629629629
2024,13,IT,quantile,0.85,2,5.649244444444444
2024,13,IT,quantile,0.85,3,5.435101481481482
2024,13,IT,quantile,0.85,4,5.54608888888889
2024,13,07,quantile,0.85,1,5.644299092229484
2024,13,07,quantile,0.85,2,5.771090893246187
2024,13,07,quantile,0.85,3,5.552329160493828
2024,13,07,quantile,0.85,4,5.665710413943356
2024,13,08,quantile,0.85,1,5.449294517066085
2024,13,08,quantile,0.85,2,5.571705795206972
2024,13,08,quantile,0.85,3,5.360502049382717
2024,13,08,quantile,0.85,4,5.4699661002178654
2024,13,09,quantile,0.85,1,6.857660893246186
2024,13,09,quantile,0.85,2,7.0046837124183
2024,13,09,quantile,0.85,3,6.745920074074075
2024,13,09,quantile,0.85,4,6.88367503267974
2024,13,10,quantile,0.85,1,5.492628867102397
2024,13,10,quantile,0.85,2,5.616013594771243
2024,13,10,quantile,0.85,3,5.403130296296298
2024,13,10,quantile,0.85,4,5.513464836601308
2024,13,11,quantile,0.85,1,5.3626258169934635
2024,13,11,quantile,0.85,2,5.4830901960784315
2024,13,11,quantile,0.85,3,5.275245555555557
2024,13,11,quantile,0.85,4,5.382968627450982
2024,13,14,quantile,0.85,1,4.474271641249092
2024,13,14,quantile,0.85,2,4.5747803050108935
2024,13,14,quantile,0.85,3,4.401366493827162
2024,13,14,quantile,0.85,4,4.491244531590414
2024,13,15,quantile,0.85,1,4.4526044662309365
2024,13,15,quantile,0.85,2,4.552626405228758
2024,13,15,quantile,0.85,3,4.380052370370372
2024,13,15,quantile,0.85,4,4.469495163398694
2024,13,16,quantile,0.85,1,7.909420363108206
2024,13,16,quantile,0.85,2,7.992747642701525
2024,13,16,quantile,0.85,3,7.84897793580247
2024,13,16,quantile,0.85,4,7.923491834422658
2024,13,17,quantile,0.85,1,4.625941866376179
2024,13,17,quantile,0.85,2,4.729857603485838
2024,13,17,quantile,0.85,3,4.550565358024691
2024,13,17,quantile,0.85,4,4.643490108932462
2024,13,18,quantile,0.85,1,5.384292992011619
2024,13,18,quantile,0.85,2,5.505244095860567
2024,13,18,quantile,0.85,3,5.296559679012346
2024,13,18,quantile,0.85,4,5.404717995642702
2024,13,12,quantile,0.85,1,2.610894589687727
2024,13,12,quantile,0.85,2,2.669544923747277
2024,13,12,quantile,0.85,3,2.5683518765432103
2024,13,12,quantile,0.85,4,2.6207988671023967
2024,13,13,quantile,0.85,1,2.415890014524328
2024,13,13,quantile,0.85,2,2.470159825708061
2024,13,13,quantile,0.85,3,2.3765247654320993
2024,13,13,quantile,0.85,4,2.425054553376907
2024,13,19,quantile,0.85,1,7.671081437908496
2024,13,19,quantile,0.85,2,7.749054745098039
2024,13,19,quantile,0.85,3,7.6145225777777785
2024,13,19,quantile,0.85,4,7.684248784313725
2024,13,20,quantile,0.85,1,3.271743427741467
2024,13,20,quantile,0.85,2,3.3452388671023963
2024,13,20,quantile,0.85,3,3.2184326419753093
2024,13,20,quantile,0.85,4,3.2841545969498913
2024,13,21,quantile,0.85,1,4.430937291212781
2024,13,21,quantile,0.85,2,4.530472505446623
2024,13,21,quantile,0.85,3,4.358738246913581
2024,13,21,quantile,0.85,4,4.4477457952069726
2024,13,01,quantile,0.9,1,7.173470675381263
2024,13,01,quantile,0.9,2,7.275727895424836
2024,13,01,quantile,0.9,3,7.189878992592593
2024,13,01,quantile,0.9,4,7.270480732026144
2024,13,02,quantile,0.9,1,1.9936966013071895
2024,13,02,quantile,0.9,2,2.025311895424837
2024,13,02,quantile,0.9,3,1.995317288888889
2024,13,02,quantile,0.9,4,2.0218567320261442
2024,13,03,quantile,0.9,1,2.1792177196804645
2024,13,03,quantile,0.9,2,2.254160697167756
2024,13,03,quantile,0.9,3,2.191243160493827
2024,13,03,quantile,0.9,4,2.2503151198257085
2024,13,04,quantile,0.9,1,6.227916630355845
2024,13,04,quantile,0.9,2,6.442093769063181
2024,13,04,quantile,0.9,3,6.262283753086421
2024,13,04,quantile,0.9,4,6.431103616557735
2024,13,05,quantile,0.9,1,4.646047930283224
2024,13,05,quantile,0.9,2,4.805824836601308
2024,13,05,quantile,0.9,3,4.671685925925926
2024,13,05,quantile,0.9,4,4.7976261437908505
2024,13,06,quantile,0.9,1,4.314187363834423
2024,13,06,quantile,0.9,2,4.462551633986928
2024,13,06,quantile,0.9,3,4.337994074074075
2024,13,06,quantile,0.9,4,4.454938562091504
2024,13,IT,quantile,0.9,1,5.641629629629628
2024,13,IT,quantile,0.9,2,5.835644444444444
2024,13,IT,quantile,0.9,3,5.672761481481483
2024,13,IT,quantile,0.9,4,5.82568888888889
2024,13,07,quantile,0.9,1,5.763311837327523
2024,13,07,quantile,0.9,2,5.96151128540305
2024,13,07,quantile,0.9,3,5.795115160493828
2024,13,07,quantile,0.9,4,5.95134100217865
2024,13,08,quantile,0.9,1,5.564195497458242
2024,13,08,quantile,0.9,2,5.755547363834423
2024,13,08,quantile,0.9,3,5.5949000493827175
2024,13,08,quantile,0.9,4,5.7457284531590425
2024,13,09,quantile,0.9,1,7.000903180827886
2024,13,09,quantile,0.9,2,7.0972258300653595
2024,13,09,quantile,0.9,3,7.01635922962963
2024,13,09,quantile,0.9,4,7.092283189542484
2024,13,10,quantile,0.9,1,5.60844357298475
2024,13,10,quantile,0.9,2,5.801317124183007
2024,13,10,quantile,0.9,3,5.639392296296298
2024,13,10,quantile,0.9,4,5.791420130718956
2024,13,11,quantile,0.9,1,5.475699346405229
2024,13,11,quantile,0.9,2,5.664007843137256
2024,13,11,quantile,0.9,3,5.505915555555557
2024,13,11,quantile,0.9,4,5.654345098039217
2024,13,14,quantile,0.9,1,4.568613798111837
2024,13,14,quantile,0.9,2,4.725727755991286
2024,13,14,quantile,0.9,3,4.593824493827162
2024,13,14,quantile,0.9,4,4.717665708061003
2024,13,15,quantile,0.9,1,4.546489760348583
2024,13,15,quantile,0.9,2,4.7028428758169945
2024,13,15,quantile,0.9,3,4.571578370370371
2024,13,15,quantile,0.9,4,4.694819869281048
2024,13,16,quantile,0.9,1,7.98763526506899
2024,13,16,quantile,0.9,2,8.117891485838781
2024,13,16,quantile,0.9,3,8.00853633580247
2024,13,16,quantile,0.9,4,8.11120759912854
2024,13,17,quantile,0.9,1,4.723482062454611
2024,13,17,quantile,0.9,2,4.885921917211329
2024,13,17,quantile,0.9,3,4.749547358024692
2024,13,17,quantile,0.9,4,4.877586579520698
2024,13,18,quantile,0.9,1,5.497823384168482
2024,13,18,quantile,0.9,2,5.686892723311547
2024,13,18,quantile,0.9,3,5.528161679012347
2024,13,18,quantile,0.9,4,5.677190936819173
2024,13,12,quantile,0.9,1,2.6659465504720408
2024,13,12,quantile,0.9,2,2.757628061002179
2024,13,12,quantile,0.9,3,2.6806578765432105
2024,13,12,quantile,0.9,4,2.7529235729847503
2024,13,13,quantile,0.9,1,2.4668302106027595
2024,13,13,quantile,0.9,2,2.551664139433551
2024,13,13,quantile,0.9,3,2.480442765432099
2024,13,13,quantile,0.9,4,2.5473110239651424
2024,13,19,quantile,0.9,1,7.744270849673202
2024,13,19,quantile,0.9,2,7.866157803921569
2024,13,19,quantile,0.9,3,7.763828977777779
2024,13,19,quantile,0.9,4,7.85990337254902
2024,13,20,quantile,0.9,1,3.340729702251271
2024,13,20,quantile,0.9,2,3.455616906318083
2024,13,20,quantile,0.9,3,3.359164641975309
2024,13,20,quantile,0.9,4,3.449721655773421
2024,13,21,quantile,0.9,1,4.52436572258533
2024,13,21,quantile,0.9,2,4.6799579956427015
2024,13,21,quantile,0.9,3,4.549332246913581
2024,13,21,quantile,0.9,4,4.67197403050109
2024,13,01,quantile,0.95,1,7.23487302832244
2024,13,01,quantile,0.95,2,7.373971660130719
2024,13,01,quantile,0.95,3,7.315139792592594
2024,13,01,quantile,0.95,4,7.417846379084968
2024,13,02,quantile,0.95,1,1.999761454248366
2024,13,02,quantile,0.95,2,2.0900036601307193
2024,13,02,quantile,0.95,3,2.051263925925926
2024,13,02,quantile,0.95,4,2.1188943790849675
2024,13,03,quantile,0.95,1,2.2242187000726212
2024,13,03,quantile,0.95,2,2.3261622657952072
2024,13,03,quantile,0.95,3,2.2830451604938276
2024,13,03,quantile,0.95,4,2.3583174727668847
2024,13,04,quantile,0.95,1,6.356523493100943
2024,13,04,quantile,0.95,2,6.647864749455337
2024,13,04,quantile,0.95,3,6.524641753086421
2024,13,04,quantile,0.95,4,6.739760087145971
2024,13,05,quantile,0.95,1,4.741989106753813
2024,13,05,quantile,0.95,2,4.959330718954249
2024,13,05,quantile,0.95,3,4.867405925925927
2024,13,05,quantile,0.95,4,5.027884967320262
2024,13,06,quantile,0.95,1,4.4032755991285395
2024,13,06,quantile,0.95,2,4.605092810457516
2024,13,06,quantile,0.95,3,4.519734074074075
2024,13,06,quantile,0.95,4,4.668750326797387
2024,13,IT,quantile,0.95,1,5.758129629629629
2024,13,IT,quantile,0.95,2,6.022044444444444
2024,13,IT,quantile,0.95,3,5.910421481481482
2024,13,IT,quantile,0.95,4,6.105288888888889
2024,13,07,quantile,0.95,1,5.8823245824255626
2024,13,07,quantile,0.95,2,6.151931677559912
2024,13,07,quantile,0.95,3,6.037901160493828
2024,13,07,quantile,0.95,4,6.236971590413944
2024,13,08,quantile,0.95,1,5.679096477850399
2024,13,08,quantile,0.95,2,5.939388932461873
2024,13,08,quantile,0.95,3,5.829298049382717
2024,13,08,quantile,0.95,4,6.0214908061002195
2024,13,09,quantile,0.95,1,7.058742004357298
2024,13,09,quantile,0.95,2,7.189767947712419
2024,13,09,quantile,0.95,3,7.13435042962963
2024,13,09,quantile,0.95,4,7.231096366013072
2024,13,10,quantile,0.95,1,5.724258278867103
2024,13,10,quantile,0.95,2,5.9866206535947715
2024,13,10,quantile,0.95,3,5.875654296296298
2024,13,10,quantile,0.95,4,6.069375424836602
2024,13,11,quantile,0.95,1,5.588772875816993
2024,13,11,quantile,0.95,2,5.844925490196078
2024,13,11,quantile,0.95,3,5.736585555555557
2024,13,11,quantile,0.95,4,5.925721568627452
2024,13,14,quantile,0.95,1,4.662955954974582
2024,13,14,quantile,0.95,2,4.876675206971678
2024,13,14,quantile,0.95,3,4.786282493827161
2024,13,14,quantile,0.95,4,4.944086884531591
2024,13,15,quantile,0.95,1,4.640375054466231
2024,13,15,quantile,0.95,2,4.853059346405229
2024,13,15,quantile,0.95,3,4.763104370370372
2024,13,15,quantile,0.95,4,4.9201445751634
2024,13,16,quantile,0.95,1,8.065850167029774
2024,13,16,quantile,0.95,2,8.243035328976035
2024,13,16,quantile,0.95,3,8.16809473580247
2024,13,16,quantile,0.95,4,8.298923363834422
2024,13,17,quantile,0.95,1,4.821022258533042
2024,13,17,quantile,0.95,2,5.041986230936819
2024,13,17,quantile,0.95,3,4.948529358024691
2024,13,17,quantile,0.95,4,5.111683050108933
2024,13,18,quantile,0.95,1,5.611353776325345
2024,13,18,quantile,0.95,2,5.868541350762527
2024,13,18,quantile,0.95,3,5.759763679012346
2024,13,18,quantile,0.95,4,5.9496638779956434
2024,13,12,quantile,0.95,1,2.7209985112563544
2024,13,12,quantile,0.95,2,2.8457111982570806
2024,13,12,quantile,0.95,3,2.7929638765432108
2024,13,12,quantile,0.95,4,2.885048278867103
2024,13,13,quantile,0.95,1,2.517770406681191
2024,13,13,quantile,0.95,2,2.6331684531590414
2024,13,13,quantile,0.95,3,2.5843607654320992
2024,13,13,quantile,0.95,4,2.6695674945533776
2024,13,19,quantile,0.95,1,7.817460261437908
2024,13,19,quantile,0.95,2,7.983260862745098
2024,13,19,quantile,0.95,3,7.913135377777778
2024,13,19,quantile,0.95,4,8.035557960784313
2024,13,20,quantile,0.95,1,3.409715976761075
2024,13,20,quantile,0.95,2,3.565994945533769
2024,13,20,quantile,0.95,3,3.499896641975309
2024,13,20,quantile,0.95,4,3.61528871459695
2024,13,21,quantile,0.95,1,4.617794153957879
2024,13,21,quantile,0.95,2,4.82944348583878
2024,13,21,quantile,0.95,3,4.739926246913581
2024,13,21,quantile,0.95,4,4.896202265795208
2024,13,01,quantile,0.975,1,7.265574204793028
2024,13,01,quantile,0.975,2,7.42309354248366
2024,13,01,quantile,0.975,3,7.377770192592593
2024,13,01,quantile,0.975,4,7.4915292026143785
2024,13,02,quantile,0.975,1,2.0186258714596947
2024,13,02,quantile,0.975,2,2.1223495424836605
2024,13,02,quantile,0.975,3,2.092504925925926
2024,13,02,quantile,0.975,4,2.1674132026143793
2024,13,03,quantile,0.975,1,2.2467191902687
2024,13,03,quantile,0.975,2,2.362163050108933
2024,13,03,quantile,0.975,3,2.3289461604938273
2024,13,03,quantile,0.975,4,2.412318649237473
2024,13,04,quantile,0.975,1,6.420826924473492
2024,13,04,quantile,0.975,2,6.750750239651416
2024,13,04,quantile,0.975,3,6.65582075308642
2024,13,04,quantile,0.975,4,6.894088322440087
2024,13,05,quantile,0.975,1,4.789959694989107
2024,13,05,quantile,0.975,2,5.0360836601307195
2024,13,05,quantile,0.975,3,4.965265925925927
2024,13,05,quantile,0.975,4,5.143014379084969
2024,13,06,quantile,0.975,1,4.447819716775599
2024,13,06,quantile,0.975,2,4.676363398692811
2024,13,06,quantile,0.975,3,4.610604074074075
2024,13,06,quantile,0.975,4,4.775656209150327
2024,13,IT,quantile,0.975,1,5.816379629629629
2024,13,IT,quantile,0.975,2,6.1152444444444445
2024,13,IT,quantile,0.975,3,6.029251481481483
2024,13,IT,quantile,0.975,4,6.24508888888889
2024,13,07,quantile,0.975,1,5.9418309549745825
2024,13,07,quantile,0.975,2,6.247141873638344
2024,13,07,quantile,0.975,3,6.159294160493828
2024,13,07,quantile,0.975,4,6.37978688453159
2024,13,08,quantile,0.975,1,5.736546968046477
2024,13,08,quantile,0.975,2,6.031309716775599
2024,13,08,quantile,0.975,3,5.946497049382717
2024,13,08,quantile,0.975,4,6.159371982570807
2024,13,09,quantile,0.975,1,7.087661416122004
2024,13,09,quantile,0.975,2,7.236039006535948
2024,13,09,quantile,0.975,3,7.19334602962963
2024,13,09,quantile,0.975,4,7.300502954248366
2024,13,10,quantile,0.975,1,5.782165631808279
2024,13,10,quantile,0.975,2,6.079272418300654
2024,13,10,quantile,0.975,3,5.993785296296298
2024,13,10,quantile,0.975,4,6.208353071895425
2024,13,11,quantile,0.975,1,5.645309640522875
2024,13,11,quantile,0.975,2,5.935384313725491
2024,13,11,quantile,0.975,3,5.851920555555557
2024,13,11,quantile,0.975,4,6.0614098039215705
2024,13,14,quantile,0.975,1,4.710127033405954
2024,13,14,quantile,0.975,2,4.952148932461874
2024,13,14,quantile,0.975,3,4.882511493827161
2024,13,14,quantile,0.975,4,5.057297472766885
2024,13,15,quantile,0.975,1,4.687317701525054
2024,13,15,quantile,0.975,2,4.928167581699347
2024,13,15,quantile,0.975,3,4.858867370370372
2024,13,15,quantile,0.975,4,5.032806928104577
2024,13,16,quantile,0.975,1,8.104957618010166
2024,13,16,quantile,0.975,2,8.305607250544663
2024,13,16,quantile,0.975,3,8.24787393580247
2024,13,16,quantile,0.975,4,8.392781246187365
2024,13,17,quantile,0.975,1,4.869792356572258
2024,13,17,quantile,0.975,2,5.120018387799564
2024,13,17,quantile,0.975,3,5.048020358024692
2024,13,17,quantile,0.975,4,5.22873128540305
2024,13,18,quantile,0.975,1,5.668118972403776
2024,13,18,quantile,0.975,2,5.9593656644880175
2024,13,18,quantile,0.975,3,5.875564679012347
2024,13,18,quantile,0.975,4,6.085900348583879
2024,13,12,quantile,0.975,1,2.7485244916485114
2024,13,12,quantile,0.975,2,2.889752766884532
2024,13,12,quantile,0.975,3,2.8491168765432104
2024,13,12,quantile,0.975,4,2.9511106318082794
2024,13,13,quantile,0.975,1,2.5432405047204067
2024,13,13,quantile,0.975,2,2.6739206100217867
2024,13,13,quantile,0.975,3,2.6363197654320993
2024,13,13,quantile,0.975,4,2.730695729847495
2024,13,19,quantile,0.975,1,7.854054967320261
2024,13,19,quantile,0.975,2,8.041812392156864
2024,13,19,quantile,0.975,3,7.987788577777779
2024,13,19,quantile,0.975,4,8.123385254901962
2024,13,20,quantile,0.975,1,3.444209114015977
2024,13,20,quantile,0.975,2,3.6211839651416122
2024,13,20,quantile,0.975,3,3.5702626419753094
2024,13,20,quantile,0.975,4,3.6980722440087153
2024,13,21,quantile,0.975,1,4.664508369644154
2024,13,21,quantile,0.975,2,4.904186230936819
2024,13,21,quantile,0.975,3,4.835223246913581
2024,13,21,quantile,0.975,4,5.008316383442267
2024,13,01,quantile,0.99,1,7.28399491067538
2024,13,01,quantile,0.99,2,7.452566671895425
2024,13,01,quantile,0.99,3,7.415348432592593
2024,13,01,quantile,0.99,4,7.535738896732026
2024,13,02,quantile,0.99,1,2.030755577342048
2024,13,02,quantile,0.99,2,2.141757071895425
2024,13,02,quantile,0.99,3,2.117249525925926
2024,13,02,quantile,0.99,4,2.1965244967320263
2024,13,03,quantile,0.99,1,2.260219484386347
2024,13,03,quantile,0.99,2,2.383763520697168
2024,13,03,quantile,0.99,3,2.3564867604938273
2024,13,03,quantile,0.99,4,2.444719355119826
2024,13,04,quantile,0.99,1,6.459408983297022
2024,13,04,quantile,0.99,2,6.812481533769063
2024,13,04,quantile,0.99,3,6.734528153086421
2024,13,04,quantile,0.99,4,6.986685263616558
2024,13,05,quantile,0.99,1,4.818742047930283
2024,13,05,quantile,0.99,2,5.0821354248366015
2024,13,05,quantile,0.99,3,5.023981925925927
2024,13,05,quantile,0.99,4,5.212092026143791
2024,13,06,quantile,0.99,1,4.474546187363834
2024,13,06,quantile,0.99,2,4.719125751633987
2024,13,06,quantile,0.99,3,4.665126074074076
2024,13,06,quantile,0.99,4,4.839799738562093
2024,13,IT,quantile,0.99,1,5.851329629629629
2024,13,IT,quantile,0.99,2,6.171164444444444
2024,13,IT,quantile,0.99,3,6.100549481481483
2024,13,IT,quantile,0.99,4,6.328968888888889
2024,13,07,quantile,0.99,1,5.977534778503994
2024,13,07,quantile,0.99,2,6.304267991285403
2024,13,07,quantile,0.99,3,6.232129960493829
2024,13,07,quantile,0.99,4,6.46547606100218
2024,13,08,quantile,0.99,1,5.771017262164125
2024,13,08,quantile,0.99,2,6.086462187363835
2024,13,08,quantile,0.99,3,6.016816449382718
2024,13,08,quantile,0.99,4,6.24210068845316
2024,13,09,quantile,0.99,1,7.105013063180827
2024,13,09,quantile,0.99,2,7.2638016418300655
2024,13,09,quantile,0.99,3,7.2287433896296305
2024,13,09,quantile,0.99,4,7.342146907189543
2024,13,10,quantile,0.99,1,5.816910043572985
2024,13,10,quantile,0.99,2,6.134863477124183
2024,13,10,quantile,0.99,3,6.064663896296298
2024,13,10,quantile,0.99,4,6.29173966013072
2024,13,11,quantile,0.99,1,5.6792316993464045
2024,13,11,quantile,0.99,2,5.989659607843137
2024,13,11,quantile,0.99,3,5.921121555555557
2024,13,11,quantile,0.99,4,6.142822745098041
2024,13,14,quantile,0.99,1,4.738429680464778
2024,13,14,quantile,0.99,2,4.997433167755991
2024,13,14,quantile,0.99,3,4.940248893827162
2024,13,14,quantile,0.99,4,5.125223825708061
2024,13,15,quantile,0.99,1,4.715483289760349
2024,13,15,quantile,0.99,2,4.973232522875818
2024,13,15,quantile,0.99,3,4.9163251703703725
2024,13,15,quantile,0.99,4,5.100404339869282
2024,13,16,quantile,0.99,1,8.128422088598402
2024,13,16,quantile,0.99,2,8.34315040348584
2024,13,16,quantile,0.99,3,8.295741455802471
2024,13,16,quantile,0.99,4,8.44909597559913
2024,13,17,quantile,0.99,1,4.899054415395788
2024,13,17,quantile,0.99,2,5.166837681917211
2024,13,17,quantile,0.99,3,5.107714958024692
2024,13,17,quantile,0.99,4,5.2989602265795215
2024,13,18,quantile,0.99,1,5.702178090050835
2024,13,18,quantile,0.99,2,6.013860252723312
2024,13,18,quantile,0.99,3,5.945045279012347
2024,13,18,quantile,0.99,4,6.167642230936819
2024,13,12,quantile,0.99,1,2.7650400798838053
2024,13,12,quantile,0.99,2,2.9161777080610025
2024,13,12,quantile,0.99,3,2.8828086765432106
2024,13,12,quantile,0.99,4,2.990748043572985
2024,13,13,quantile,0.99,1,2.558522563543936
2024,13,13,quantile,0.99,2,2.6983719041394334
2024,13,13,quantile,0.99,3,2.6674951654320993
2024,13,13,quantile,0.99,4,2.7673726710239657
2024,13,19,quantile,0.99,1,7.876011790849673
2024,13,19,quantile,0.99,2,8.076943309803921
2024,13,19,quantile,0.99,3,8.03258049777778
2024,13,19,quantile,0.99,4,8.17608163137255
2024,13,20,quantile,0.99,1,3.464904996368918
2024,13,20,quantile,0.99,2,3.6542973769063183
2024,13,20,quantile,0.99,3,3.6124822419753095
2024,13,20,quantile,0.99,4,3.747742361655774
2024,13,21,quantile,0.99,1,4.692536899055918
2024,13,21,quantile,0.99,2,4.949031877995643
2024,13,21,quantile,0.99,3,4.892401446913581
2024,13,21,quantile,0.99,4,5.075584854030502
